Date,Open,High,Low,Close,Body,Upper Wick,Lower Wick,,Gap,Inside Bar,% Change,,Volume,OBV,Vol SMA(20),,True Range,ATR(14),Hist Vol,BB Upper,BB Middle,BB Lower,,Avg Price,Avg Delta,ROC(5),,SMA(20),SMA(50),SMA(200),EMA(9),EMA(12),EMA(20),EMA(26),EMA(50),EMA(200),,MACD,Signal,MACD Hist,,R3,R2,R1,S1,S2,S3,,Kelt Upper,Kelt Mid,Kelt Lower,,Avg Up,Avg Down,RSI(9),StochRSI %K,StochRSI %D,,Avg Up 14,Avg Down 14,RSI(14),RSI Trend,,Williams %R,CCI,Momentum(10),,Plus DM,Minus DM,Plus DM14,Minus DM14,Plus DI14,Minus DI14,DX,ADX,,Tenkan,Kijun,Senkou A,Senkou B,Chikou,Senkou A+26,Senkou B+26
2025-05-05,1.1306,1.1365,1.1296,1.1315,0.0009,0.005,0.001,,,,,,161936,161936,,,,,,,,,,1.1325,,,,,,,,,,,,,,,,,,1.1424,1.1389,1.1355,1.1286,1.1252,1.1217,,,,,,,,,,,,,,,,,,,,,,,,,,,,,,,,,,1.1315,,
2025-05-06,1.1315,1.1381,1.128,1.137,0.0055,0.0011,0.0035,,0,0,0.49,,170683,332619,,,101,,,,,,,1.1344,19,,,,,,,,,,,,,,,,,1.1508,1.1458,1.1407,1.1306,1.1256,1.1205,,,,,,,,,,,,,,,,,,,,,0,16,,,,,,,,,,,,1.137,,
2025-05-07,1.137,1.1378,1.1292,1.1302,-0.0068,0.0008,0.001,,0,1,-0.6,,211304,121315,,,86,,,,,,,1.1324,-20,,,,,,,,,,,,,,,,,1.1442,1.1399,1.1356,1.127,1.1227,1.1184,,,,,,,,,,,,,,,,,,,,,0,0,,,,,,,,,,,,1.1302,,
2025-05-08,1.1308,1.1336,1.1212,1.1229,-0.0079,0.0028,0.0017,,0.0006,0,-0.65,,207390,-86075,,,124,,,,,,,1.1259,-65,,,,,,,,,,,,,,,,,1.143,1.1368,1.1306,1.1182,1.112,1.1058,,,,,,,,,,,,,,,,,,,,,0,80,,,,,,,,,,,,1.1229,,
2025-05-09,1.1225,1.1293,1.1197,1.1249,0.0024,0.0044,0.0028,,-0.0004,0,0.18,,143751,57676,,,96,,,,,,,1.1246,-13,,,,,,,,,,,,,,,,,1.1392,1.1344,1.1296,1.12,1.1152,1.1104,,,,,,,,,,,,,,,,,,,,,0,15,,,,,,,,,,,,1.1249,,
2025-05-12,1.1202,1.1243,1.1065,1.1088,-0.0114,0.0041,0.0023,,-0.0047,0,-1.43,,253191,-195515,,,184,,,,,,,1.1132,-114,-2.01,,,,,,,,,,,,,,,,1.1377,1.1288,1.1199,1.1021,1.0932,1.0843,,,,,,,,,,,,,,,,,,,,,0,132,,,,,,,,,,,,1.1088,,
2025-05-13,1.1092,1.1195,1.1088,1.1185,0.0093,0.001,0.0004,,0.0004,1,0.87,,168633,-26882,,,107,,,,,,,1.1156,24,-1.63,,,,,,,,,,,,,,,,1.1331,1.1278,1.1224,1.1117,1.1064,1.101,,,,,,,,,,,,,,,,,,,,,0,0,,,,,,,,,,,,1.1185,,
2025-05-14,1.1187,1.1266,1.1165,1.1173,-0.0014,0.0079,0.0008,,0.0002,0,-0.11,,199634,-226516,,,101,,,,,,,1.1201,45,-1.14,,,,,,,,,,,,,,,,1.1339,1.1289,1.1238,1.1137,1.1087,1.1036,,,,,,,,,,,,,,,,,,,,,71,0,,,,,,,,,,,,1.1173,,
2025-05-15,1.118,1.1228,1.117,1.1186,0.0006,0.0042,0.001,,0.0007,1,0.12,,158078,-68438,,,58,,,,,,,1.1195,-6,-0.38,,,,,,,,,,,,,,,,1.1277,1.1248,1.1219,1.1161,1.1132,1.1103,,,,,,,,,,,,,,,,,,,,,0,0,,,,,,,,1.1223,,,,1.1186,,
2025-05-16,1.119,1.122,1.1131,1.1165,-0.0025,0.003,0.0034,,0.0004,0,-0.19,,144905,-213343,,,89,,,,,,,1.1172,-23,-0.75,,,,,1.1226,,,,,,,,,,,1.1302,1.1258,1.1213,1.1124,1.108,1.1035,,,,,,20.6,37.2,35.64,,,,,,,,,,,,,0,39,,,,,,,,1.1223,,,,1.1165,,
2025-05-19,1.1179,1.1288,1.1171,1.1242,0.0063,0.0046,0.0008,,0.0014,0,0.69,,180120,-33223,,,123,,,,,,,1.1234,62,1.39,,,,,1.1229,,,,,,,,,,,1.1413,1.1355,1.1296,1.1179,1.1121,1.1062,,,,,,26.9,33.1,44.83,,,,,,,,,,,-0.0073,,68,0,,,,,,,,1.1222,,,,1.1242,,
2025-05-20,1.1241,1.1286,1.1218,1.1284,0.0043,0.0002,0.0023,,-0.0001,1,0.37,,153292,120069,,,68,,,,,,,1.1263,29,0.89,,,,,1.124,,,,,,,,,,,1.1375,1.1341,1.1307,1.1239,1.1205,1.1171,,,,,,28.6,29.4,49.31,,,,,,,,,,,-0.0086,,0,0,,,,,,,,1.1201,,,,1.1284,,
2025-05-21,1.1283,1.1363,1.128,1.1331,0.0048,0.0032,0.0003,,-0.0001,0,0.42,,184406,304475,,,83,,,,,,,1.1325,62,1.41,,,,,1.1258,1.124,,,,,,,,,,1.1452,1.141,1.1369,1.1286,1.1245,1.1203,,,,,,30.6,26.1,53.97,,,,,,,,,,,0.0029,,77,0,,,,,,,,1.1214,,,,1.1331,,
2025-05-22,1.133,1.1345,1.1256,1.128,-0.005,0.0015,0.0024,,-0.0001,0,-0.45,,197627,106848,,,89,,,,,,,1.1294,-31,0.84,,,,,1.1262,1.1246,,,,,,,,,,1.142,1.1376,1.1331,1.1242,1.1198,1.1153,,,,,,27.2,28.9,48.48,,,,,,,,,-31.96,,0.0051,,0,24,,,,,,,,1.1214,,,,1.128,,
2025-05-23,1.1281,1.1376,1.1279,1.1365,0.0084,0.0011,0.0002,,0.0001,0,0.75,,192450,299298,,,97,,,,,,,1.134,46,1.79,,,,,1.1283,1.1264,,,,,,,,,,1.1498,1.145,1.1401,1.1304,1.1256,1.1207,,,,,,33.6,25.7,56.66,,,,31.1,27.6,52.98,,,-5.06,,0.0116,,31,0,18.53,20.4,,,,,,1.1232,,,,1.1365,,
2025-05-26,1.1367,1.1419,1.1362,1.1388,0.0021,0.0031,0.0005,,0.0002,0,0.2,,111433,410731,,,57,98,,,,,,1.139,50,1.3,,,,,1.1304,1.1283,,,,,,,,,,1.1474,1.1446,1.1417,1.136,1.1332,1.1303,,,,,,32.4,22.8,58.7,,,,30.5,25.6,54.37,,,-8.76,,0.03,,43,0,60.21,18.94,61.44,19.33,52,,,1.1275,,,,1.1388,,
2025-05-27,1.1386,1.1408,1.1323,1.1328,-0.0058,0.0022,0.0005,,-0.0002,0,-0.53,,160115,250616,,,85,97,,,,,,1.1353,-37,0.39,,,,,1.1309,1.129,,,,,,,,,,1.1468,1.1426,1.1383,1.1298,1.1256,1.1213,,,,,,28.8,26.9,51.71,,,,28.3,28.1,50.18,,,-25.71,,0.0143,,0,39,55.91,56.59,57.64,58.34,1,,,1.1275,,,,1.1328,,
2025-05-28,1.1333,1.1345,1.1284,1.1292,-0.0041,0.0012,0.0008,,0.0005,0,-0.32,,166223,84393,,,61,94,,,,,,1.1307,-46,-0.34,,,,,1.1306,1.129,,,,,,,,,,1.1391,1.1361,1.133,1.1269,1.1239,1.1208,,,,,,25.6,27.9,47.85,52.95,,,26.3,28.7,47.82,,,-35.88,,0.0119,,0,39,51.92,91.55,55.23,97.39,28,,,1.1275,,,,1.1292,,
2025-05-29,1.1294,1.1385,1.1211,1.1367,0.0073,0.0018,0.0083,,0.0002,0,0.66,,216667,301060,,,174,100,,,,,,1.1321,14,0.77,,,,,1.1318,1.1302,,,,,,,,,,1.1605,1.1518,1.1431,1.1257,1.117,1.1083,,,,,,31.1,24.8,55.64,77.94,,,29.8,26.7,52.74,,,-14.69,,0.0181,,0,73,48.21,158.01,48.21,158.01,53,,,1.1295,,,,1.1367,,
2025-05-30,1.1372,1.139,1.1313,1.1348,-0.0024,0.0018,0.0035,,0.0005,0,-0.17,,198989,102071,179041,,77,98,,1.1435,1.1274,1.1113,,1.135,29,-0.15,,1.1274,,,1.1324,1.1309,,,,,,,,,,1.1465,1.1427,1.1388,1.1311,1.1273,1.1234,,,,,,27.6,24.2,53.28,50.05,60.31,,27.7,26.2,51.39,,,-21.45,78.03,0.0183,,5,0,49.77,146.72,50.79,149.71,49,,,1.1315,,,,1.1348,,
2025-06-02,1.1349,1.145,1.1347,1.1444,0.0095,0.0006,0.0002,,0.0001,0,0.85,,173313,275384,179610,,103,98,9.65,1.1457,1.1281,1.1104,,1.1414,64,0.49,,1.1281,,,1.1348,1.133,1.1282,,,,,,,,,1.1583,1.1532,1.148,1.1377,1.1326,1.1274,,1.1478,1.1282,1.1086,,35.2,21.5,62.08,100,76,,32.6,24.3,57.29,,,-1.88,131.97,0.0202,,60,0,106.22,136.24,108.39,139.02,12,,,1.133,,,,1.1444,,
2025-06-03,1.144,1.1455,1.1364,1.137,-0.007,0.0015,0.0006,,-0.0004,0,-0.65,,154149,121235,178784,,91,98,9.82,1.1457,1.1281,1.1104,,1.1396,-18,0.37,,1.1281,,,1.1352,1.1336,1.129,,,,,,,,,1.152,1.1475,1.1429,1.1338,1.1292,1.1247,,1.1486,1.129,1.1094,,31.3,27.3,53.41,39.07,63.04,,30.3,27.9,52.06,,,-26.23,108.3,0.0086,,5,0,103.63,126.51,105.74,129.09,10,,,1.1333,,,,1.137,,
2025-06-04,1.1373,1.1435,1.1357,1.1418,0.0045,0.0017,0.0016,,0.0003,0,0.42,,166052,287287,176521,,78,97,9.67,1.1473,1.1287,1.11,,1.1403,7,1.12,,1.1287,,,1.1365,1.1349,1.1302,,,,,,,,,1.1528,1.1489,1.145,1.1372,1.1333,1.1294,,1.1496,1.1302,1.1108,,33.2,24.3,57.74,69.5,69.52,,31.6,25.9,54.96,,,-11.42,105.77,0.0087,,0,7,96.23,124.47,99.21,128.32,13,,,1.1333,,,,1.1418,,
2025-06-05,1.1417,1.1495,1.1405,1.1444,0.0027,0.0051,0.0012,,-0.0001,0,0.23,,194634,481921,175883,,90,97,9.32,1.1494,1.1297,1.1101,,1.1448,45,0.68,,1.1297,,,1.1381,1.1364,1.1316,,,,,,,,,1.1581,1.1536,1.1491,1.1401,1.1356,1.1311,,1.151,1.1316,1.1122,,32.4,21.6,60,85.38,64.65,,31.2,24.1,56.42,,,-15.74,129.03,0.0164,,60,0,149.36,115.58,153.98,119.15,13,,,1.1353,,,,1.1444,,
2025-06-06,1.1446,1.1457,1.1372,1.1397,-0.0049,0.0011,0.0025,,0.0002,0,-0.41,,163986,317935,176895,,85,96,9.48,1.1504,1.1305,1.1105,,1.1409,-39,0.43,,1.1305,,,1.1384,1.1369,1.1324,,,,,,,,,1.153,1.1488,1.1445,1.136,1.1317,1.1275,,1.1516,1.1324,1.1132,,28.8,24.4,54.14,44.2,66.36,,29,25.7,53.02,,,-34.51,86.9,0.0032,,0,33,138.69,140.32,144.47,146.17,1,,,1.1353,,,,1.1397,,
2025-06-09,1.1399,1.1439,1.1387,1.1421,0.0022,0.0018,0.0012,,0.0002,1,0.21,,107067,425002,169589,,52,93,7.63,1.15,1.1321,1.1142,,1.1416,7,-0.2,,1.1321,,,1.1391,1.1377,1.1333,,,,,,,,,1.1496,1.147,1.1444,1.1392,1.1366,1.134,,1.1519,1.1333,1.1147,,28.3,21.7,56.6,61.49,63.69,,28.6,23.9,54.48,,,-26.06,87.66,0.0033,,0,0,128.78,130.3,138.47,140.11,1,,,1.1353,1.128,1.1317,,1.1421,1.1317,
2025-06-10,1.1422,1.1448,1.1373,1.1426,0.0004,0.0022,0.0049,,0.0001,0,0.04,,143969,568971,168355,,75,92,7.14,1.1507,1.1333,1.116,,1.1416,0,0.49,,1.1333,,,1.1398,1.1385,1.1342,1.1311,,,,0.0074,,,,1.1533,1.1496,1.1458,1.1383,1.1346,1.1308,,1.1526,1.1342,1.1158,,25.7,19.3,57.11,43.52,49.74,,26.9,22.2,54.79,,,-24.3,81.83,0.0098,,0,14,119.58,134.99,129.98,146.73,6,,,1.1353,1.128,1.1317,,1.1426,1.1317,
2025-06-11,1.1427,1.15,1.1405,1.1488,0.0061,0.0012,0.0022,,0.0001,0,0.54,,159379,728350,166343,,95,92,7.26,1.1518,1.1349,1.118,,1.1464,48,0.61,,1.1349,,,1.1416,1.1401,1.1356,1.1324,,,,0.0077,,,,1.1619,1.1572,1.1524,1.1429,1.1382,1.1334,,1.154,1.1356,1.1172,,29.7,17.2,63.33,100,68.34,,29.4,20.6,58.8,,,-4.15,120.27,0.0196,,52,0,163.04,125.35,177.22,136.25,13,,,1.1407,1.1283,1.1345,,1.1488,1.1345,
2025-06-12,1.1486,1.1632,1.1485,1.1585,0.0099,0.0047,0.0001,,-0.0002,0,0.84,,201196,929546,168499,,147,96,7.67,1.155,1.1369,1.1188,,1.1567,103,1.23,,1.1369,,,1.145,1.1429,1.1378,1.1343,,,,0.0086,,,,1.1797,1.1724,1.165,1.1503,1.143,1.1356,,1.157,1.1378,1.1186,,37.2,15.3,70.86,100,81.17,,34.2,19.1,64.17,,,-11.16,198.63,0.0218,,132,0,283.39,116.4,295.2,121.25,42,21,,1.149,1.1349,1.142,,1.1585,1.142,
2025-06-13,1.1585,1.1615,1.1489,1.1551,-0.0034,0.003,0.0062,,0,1,-0.29,,237696,691850,173138,,126,98,7.74,1.156,1.1388,1.1216,,1.1552,-15,1.35,,1.1388,,,1.147,1.1448,1.1394,1.1358,,,,0.009,,,,1.174,1.1677,1.1614,1.1488,1.1425,1.1362,,1.159,1.1394,1.1198,,33.1,17.4,65.54,69.51,89.84,,31.8,20.2,61.15,,,-19.24,170.06,0.0203,,0,0,263.15,108.09,268.52,110.3,42,23,,1.1494,1.1349,1.1422,,1.1551,1.1422,
2025-06-16,1.1533,1.1615,1.1524,1.1561,0.0028,0.0054,0.0009,,-0.0018,1,0.09,,181053,872903,173185,,91,98,7.5,1.1578,1.1404,1.1231,,1.1567,15,1.23,,1.1404,,,1.1488,1.1465,1.141,1.1373,,,,0.0092,,,,1.17,1.1654,1.1609,1.1518,1.1473,1.1427,,1.1606,1.141,1.1214,,30.5,15.5,66.3,72.73,80.75,,30.2,18.8,61.63,,,-16.86,169.11,0.0117,,0,0,244.35,100.37,249.34,102.42,42,24,,1.1494,1.1349,1.1422,,1.1561,1.1422,
2025-06-17,1.1565,1.1581,1.1475,1.1481,-0.0084,0.0016,0.0006,,0.0004,0,-0.69,,188438,684465,174942,,106,99,8,1.1582,1.1414,1.1247,,1.1512,-55,0.48,,1.1414,,,1.1487,1.1467,1.1417,1.1381,,,,0.0086,,,,1.1656,1.1603,1.155,1.1444,1.1391,1.1338,,1.1615,1.1417,1.1219,,27.1,22.7,54.42,1.67,47.97,,28,23.2,54.69,,,-35.87,103.39,0.0111,,0,49,226.9,142.2,229.19,143.64,23,24,,1.1502,1.136,1.1431,,1.1481,1.1431,
2025-06-18,1.1481,1.153,1.1461,1.1481,0,0.0049,0.002,,0,0,0,,204804,684465,175962,,69,97,7.91,1.1587,1.1422,1.1256,,1.1491,-21,-0.06,,1.1422,,,1.1486,1.1469,1.1423,1.1388,,,,0.0081,,,,1.1589,1.1555,1.152,1.1451,1.1417,1.1382,,1.1617,1.1423,1.1229,,24.1,20.2,54.4,1.56,25.32,,26,21.5,54.74,,,-47.34,71.16,0.0063,,0,14,210.69,146.04,217.21,150.56,18,24,,1.1502,1.1382,1.1442,,1.1481,1.1442,
2025-06-19,1.1479,1.15,1.1446,1.1497,0.0018,0.0003,0.0033,,-0.0002,0,0.14,,148137,832602,173488,,54,94,7.67,1.1588,1.1433,1.1278,,1.1481,-10,-0.76,,1.1433,,,1.1488,1.1473,1.143,1.1396,,,,0.0077,,,,1.157,1.1543,1.1516,1.1462,1.1435,1.1408,,1.1618,1.143,1.1242,,23.2,18,56.31,11.6,4.94,,25.3,20,55.85,,,-47.37,53.03,0.0053,,0,15,195.64,150.61,208.13,160.22,13,23,,1.1503,1.1382,1.1443,,1.1497,1.1443,
2025-06-20,1.1494,1.1544,1.1492,1.1522,0.0028,0.0022,0.0002,,-0.0003,0,0.22,,159061,991663,171818,,52,91,7.29,1.1597,1.144,1.1284,,1.1519,38,-0.25,,1.144,,,1.1495,1.1481,1.1439,1.1405,,,,0.0076,0.0082,-0.0006,,1.1599,1.1573,1.1547,1.1495,1.1469,1.1443,,1.1621,1.1439,1.1257,,23.4,16,59.39,30.32,14.49,,25.3,18.6,57.63,,,-40,82.33,0.0125,,44,0,225.67,139.85,247.99,153.68,23,23,,1.1503,1.1382,1.1443,,1.1522,1.1443,
2025-06-23,1.1457,1.1582,1.1454,1.1579,0.0122,0.0003,0.0003,,-0.0065,0,0.49,,235831,1227494,178038,,128,94,7.44,1.1616,1.145,1.1284,,1.1538,19,0.16,,1.145,,,1.1512,1.1496,1.1452,1.1418,,,,0.0078,0.0081,-0.0003,,1.1751,1.1687,1.1623,1.1495,1.1431,1.1367,,1.164,1.1452,1.1264,,27.1,14.2,65.62,68.17,36.7,,27.6,17.3,61.47,,,-19.27,90.64,0.0158,,0,38,209.55,167.86,222.93,178.57,11,22,,1.1519,1.1402,1.1461,,1.1579,1.1461,
2025-06-24,1.1579,1.1642,1.1575,1.1608,0.0029,0.0034,0.0004,,0,0,0.25,,208116,1435610,180438,,67,92,7.09,1.1633,1.1464,1.1295,,1.1608,70,1.11,,1.1464,,,1.1531,1.1513,1.1467,1.1432,,,,0.0081,0.0081,0,,1.1709,1.1675,1.1642,1.1575,1.1542,1.1508,,1.1651,1.1467,1.1283,,27.3,12.6,68.42,85.18,61.22,,27.7,16.1,63.24,,,-12.59,140.2,0.0182,,60,0,254.58,155.87,276.72,169.42,24,22,,1.1544,1.1427,1.1486,,1.1608,1.1486,
2025-06-25,1.1611,1.1665,1.159,1.166,0.0049,0.0005,0.0021,,0.0003,0,0.45,,149464,1585074,179600,,75,91,6.98,1.1653,1.1482,1.1312,,1.1638,30,1.56,,1.1482,,,1.1557,1.1536,1.1485,1.1449,,,,0.0087,0.0082,0.0005,,1.1762,1.1725,1.1687,1.1612,1.1574,1.1537,,1.1667,1.1485,1.1303,,30,11.2,72.82,100,84.45,,29.4,15,66.22,,,-1.71,151.04,0.0172,,23,0,259.4,144.74,285.05,159.05,28,22,,1.1556,1.1438,1.1497,,1.166,1.1497,
2025-06-26,1.1658,1.1745,1.1654,1.1702,0.0044,0.0043,0.0004,,-0.0002,0,0.36,,197809,1782883,178657,,91,91,6.77,1.1686,1.1499,1.1312,,1.17,62,1.78,,1.1499,,,1.1586,1.1562,1.1506,1.1468,,,,0.0094,0.0084,0.001,,1.1838,1.1793,1.1747,1.1656,1.1611,1.1565,,1.1688,1.1506,1.1324,,31.3,10,75.79,100,95.06,,30.3,13.9,68.55,,,-11.56,182.46,0.0117,,80,0,320.87,134.4,352.6,147.69,41,23,,1.1596,1.1478,1.1537,,1.1702,1.1537,
2025-06-27,1.17,1.1754,1.1681,1.1719,0.0019,0.0035,0.0019,,-0.0002,0,0.15,,177525,1960408,177584,,73,90,6.67,1.1714,1.1518,1.1321,,1.1718,18,1.71,,1.1518,,,1.1613,1.1586,1.1526,1.1487,,,,0.0099,0.0087,0.0012,,1.1828,1.1792,1.1755,1.1682,1.1646,1.1609,,1.1706,1.1526,1.1346,,29.7,8.9,76.94,100,100,,29.4,12.9,69.5,,,-9.19,172.59,0.0168,,9,0,306.95,124.8,341.06,138.67,42,24,,1.16,1.1483,1.1542,,1.1719,1.1542,
2025-06-30,1.1731,1.1789,1.1708,1.1788,0.0057,0.0001,0.0023,,0.0012,0,0.59,,166462,2126870,177241,,81,89,6.38,1.1761,1.1535,1.1309,,1.1762,44,1.8,,1.1535,,,1.1648,1.1617,1.1551,1.1509,,,,0.0108,0.0091,0.0017,,1.1896,1.1856,1.1815,1.1734,1.1694,1.1653,,1.1729,1.1551,1.1373,,34.1,7.9,81.19,100,100,,32.2,12,72.85,↑,,-0.26,175.68,0.0227,,35,0,320.02,115.89,359.57,130.21,47,26,,1.1618,1.15,1.1559,,1.1788,1.1559,
2025-07-01,1.1785,1.183,1.1761,1.1806,0.0021,0.0024,0.0024,,-0.0003,0,0.15,,175153,2302023,178292,,69,88,5.65,1.1798,1.1557,1.1315,,1.1799,37,1.71,,1.1557,,,1.168,1.1646,1.1575,1.1531,,,,0.0115,0.0096,0.0019,,1.1906,1.1872,1.1837,1.1768,1.1734,1.1699,,1.1751,1.1575,1.1399,,32.3,7,82.19,100,100,,31.2,11.1,73.76,↑,,-6.25,173.08,0.0325,,41,0,338.16,107.61,384.27,122.28,52,28,,1.1638,1.1521,1.158,,1.1806,1.158,
2025-07-02,1.1802,1.181,1.1747,1.1799,-0.0003,0.0008,0.0052,,-0.0004,0,-0.06,,164090,2137933,178194,,63,86,5.64,1.183,1.1576,1.1321,,1.1785,-14,1.19,,1.1576,,,1.1704,1.167,1.1596,1.1551,,,,0.0119,0.0101,0.0018,,1.1887,1.1856,1.1824,1.1761,1.173,1.1698,,1.1768,1.1596,1.1424,,28.7,7,80.39,92.11,97.37,,29,10.8,72.86,↑,,-8.07,140.46,0.0318,,0,14,314.01,113.92,365.13,132.47,47,29,,1.1642,1.1521,1.1582,,1.1799,1.1582,
2025-07-03,1.1797,1.181,1.1717,1.1757,-0.004,0.0013,0.004,,-0.0002,0,-0.36,,147273,1990660,175825,,93,87,5.93,1.185,1.1591,1.1333,,1.1761,-24,0.47,,1.1591,,,1.1715,1.1683,1.1611,1.1566,,,,0.0117,0.0104,0.0013,,1.1899,1.1853,1.1806,1.1713,1.1667,1.162,,1.1785,1.1611,1.1437,,25.5,10.9,70.05,26.74,72.95,,26.9,13,67.42,↓,,-19.01,107.65,0.026,,0,30,291.58,135.78,335.15,156.07,36,30,,1.1642,1.1521,1.1582,,1.1757,1.1582,
2025-07-04,1.176,1.1788,1.1753,1.1777,0.0017,0.0011,0.0007,,0.0003,1,0.17,,134215,2124875,174337,,35,83,5.56,1.1865,1.161,1.1356,,1.1773,12,0.49,,1.161,,,1.1727,1.1697,1.1627,1.1582,,,,0.0115,0.0106,0.0009,,1.1827,1.181,1.1792,1.1757,1.174,1.1722,,1.1793,1.1627,1.1461,,24.9,9.7,71.97,25.78,48.21,,26.4,12.1,68.57,↑,,-13.8,101.26,0.0255,,0,0,270.75,126.08,326.2,151.9,36,30,,1.1703,1.1572,1.1637,,1.1777,1.1637,
2025-07-07,1.1786,1.179,1.1687,1.1709,-0.0077,0.0004,0.0022,,0.0009,0,-0.58,,142018,1982857,176084,,103,84,6.15,1.1867,1.1625,1.1382,,1.1729,-44,-0.67,,1.1625,,,1.1723,1.1699,1.1635,1.1591,,,,0.0108,0.0106,0.0002,,1.1873,1.1822,1.177,1.1667,1.1616,1.1564,,1.1803,1.1635,1.1467,,22.1,16.2,57.7,0,17.51,,24.5,16.1,60.34,↓,,-31.51,66.81,0.013,,0,66,251.41,183.07,299.3,217.94,16,29,,1.171,1.1589,1.165,,1.1709,1.165,
2025-07-08,1.171,1.1765,1.1682,1.1726,0.0016,0.0039,0.0028,,0.0001,0,0.15,,157879,2140736,176780,,83,84,6.14,1.1868,1.164,1.1412,,1.1724,-5,-0.68,,1.164,,,1.1724,1.1703,1.1644,1.1601,,,,0.0102,0.0105,-0.0003,,1.185,1.1809,1.1767,1.1684,1.1643,1.1601,,1.1812,1.1644,1.1476,,21.5,14.4,59.89,8.94,11.57,,24,15,61.54,↑,,-27.08,57.33,0.0118,,0,5,233.45,174.99,277.92,208.32,14,28,,1.1742,1.1593,1.1668,,1.1726,1.1668,
2025-07-09,1.1721,1.1729,1.169,1.1722,0.0001,0.0007,0.0031,,-0.0005,1,-0.03,,136587,2004149,175640,,39,81,5.97,1.1871,1.1652,1.1432,,1.1714,-10,-0.65,,1.1652,,,1.1724,1.1706,1.1651,1.161,,,,0.0096,0.0103,-0.0007,,1.1776,1.1757,1.1737,1.1698,1.1679,1.1659,,1.1813,1.1651,1.1489,,19.1,13.2,59.13,5.84,4.93,,22.3,14.2,61.1,↓,,-28.72,44.68,0.0062,,0,0,216.77,162.49,267.62,200.6,14,27,,1.1755,1.1593,1.1674,,1.1722,1.1674,
2025-07-10,1.1719,1.175,1.1662,1.1701,-0.0018,0.0031,0.0039,,-0.0003,0,-0.18,,119580,1884569,171560,,88,82,5.36,1.1876,1.1657,1.1439,,1.1704,-10,-0.48,,1.1657,,,1.1719,1.1705,1.1656,1.1617,,,,0.0088,0.01,-0.0012,,1.1835,1.1791,1.1747,1.1659,1.1615,1.1571,,1.182,1.1656,1.1492,,17,14.1,54.66,0,4.93,,20.7,14.7,58.47,↑,,-34.31,34.46,-0.0001,,0,28,201.29,178.88,245.48,218.15,6,26,,1.1746,1.1601,1.1673,,1.1701,1.1673,
2025-07-11,1.1699,1.1714,1.1665,1.1691,-0.0008,0.0015,0.0026,,-0.0002,1,-0.09,,151481,1733088,167249,,49,80,5.23,1.1877,1.1664,1.1451,,1.169,-14,-0.73,,1.1664,1.1466,,1.1713,1.1703,1.1659,1.1622,,,,0.0081,0.0096,-0.0015,,1.1764,1.174,1.1715,1.1666,1.1642,1.1617,,1.1819,1.1659,1.1499,,15.1,13.6,52.61,0,1.95,,19.2,14.4,57.14,↓,,-54.51,20.98,-0.0028,,0,0,186.91,166.1,233.64,207.63,6,25,,1.1746,1.1601,1.1673,,1.1691,1.1673,
2025-07-14,1.167,1.1698,1.1654,1.1666,-0.0004,0.0028,0.0012,,-0.0021,0,-0.21,,119062,1614026,164149,,44,77,5.32,1.1877,1.167,1.1462,,1.1673,-17,-0.37,,1.167,1.1473,,1.1704,1.1697,1.166,1.1625,1.147,,,0.0072,0.0091,-0.0019,,1.1735,1.1713,1.1691,1.1647,1.1625,1.1603,,1.1814,1.166,1.1506,,13.4,14.9,47.35,0,0,,17.8,15.2,53.94,↑,,-68.33,5.07,-0.0122,,0,11,173.56,165.24,225.4,214.6,2,23,,1.1732,1.1602,1.1667,,1.1666,1.1667,
2025-07-15,1.1665,1.1693,1.1593,1.1602,-0.0063,0.0028,0.0009,,-0.0001,0,-0.55,,129826,1484200,161219,,100,79,5.07,1.1867,1.1676,1.1484,,1.1629,-44,-1.06,,1.1676,1.1478,,1.1684,1.1682,1.1654,1.1623,1.1475,,,0.0059,0.0085,-0.0026,,1.1766,1.1716,1.1666,1.1566,1.1516,1.1466,,1.1812,1.1654,1.1496,,11.9,20.4,36.84,0,0,,16.5,18.7,46.88,↓,,-96.2,-35.55,-0.0204,,0,61,161.16,214.44,204,271.44,14,22,,1.1702,1.1602,1.1652,1.1448,1.1602,1.1652,1.1448
2025-07-16,1.16,1.1722,1.1562,1.1642,0.0042,0.008,0.0038,,-0.0002,0,0.34,,213995,1698195,161678,,160,85,5.17,1.1855,1.1684,1.1513,,1.1642,13,-0.68,,1.1684,1.1485,,1.1676,1.1676,1.1653,1.1624,1.1482,,,0.0052,0.0078,-0.0026,,1.1882,1.1802,1.1722,1.1562,1.1482,1.1402,,1.1823,1.1653,1.1483,,15,18.1,45.32,24.14,8.05,,18.2,17.4,51.12,↑,,-70.15,-35.34,-0.0157,,0,31,149.65,230.12,176.06,270.73,21,22,,1.1676,1.1618,1.1647,1.1448,1.1642,1.1647,1.1448
2025-07-17,1.1637,1.1643,1.1557,1.1598,-0.0039,0.0006,0.0041,,-0.0005,0,-0.38,,120674,1577521,160305,,86,85,5.4,1.1842,1.1689,1.1535,,1.1599,-43,-0.88,,1.1689,1.1492,,1.166,1.1664,1.1648,1.1622,1.1487,,,0.0042,0.0071,-0.0029,,1.1728,1.1685,1.1642,1.1556,1.1513,1.147,,1.1818,1.1648,1.1478,,13.3,21,38.78,8.42,10.85,,16.9,19.3,46.69,↓,,-84.98,-90.29,-0.0159,,0,5,138.96,218.68,163.48,257.27,22,22,,1.1673,1.1638,1.1656,1.1448,1.1598,1.1656,1.1448
2025-07-18,1.1594,1.1672,1.1594,1.1626,0.0032,0.0046,0,,-0.0004,0,0.24,,116492,1694013,158177,,78,85,5.41,1.1831,1.1694,1.1557,,1.1631,32,-0.56,,1.1694,1.15,,1.1653,1.1658,1.1646,1.1622,1.1492,,,0.0036,0.0064,-0.0028,,1.1745,1.1706,1.1667,1.1589,1.155,1.1511,,1.1816,1.1646,1.1476,,14.9,18.7,44.35,32.58,21.71,,17.7,17.9,49.72,↑,,-74.73,-70.56,-0.0151,,29,0,158.03,203.06,185.92,238.89,12,21,,1.1661,1.1638,1.165,1.1448,1.1626,1.165,1.1448
2025-07-21,1.163,1.1717,1.1615,1.1696,0.0066,0.0021,0.0015,,0.0004,0,0.6,,112781,1806794,152024,,102,86,5.54,1.1826,1.17,1.1573,,1.1676,45,0.26,,1.17,1.1512,,1.1662,1.1664,1.1651,1.1627,1.15,,,0.0037,0.0059,-0.0022,,1.1839,1.1788,1.1737,1.1635,1.1584,1.1533,,1.1823,1.1651,1.1479,,21,16.6,55.85,85.28,42.09,,21.4,16.6,56.32,↓,,-45.06,-29.45,-0.0013,,45,0,191.74,188.56,222.95,219.26,1,20,,1.1654,1.1638,1.1646,1.1448,1.1696,1.1646,1.1448
2025-07-22,1.1693,1.1761,1.1679,1.1754,0.0061,0.0007,0.0014,,-0.0003,0,0.5,,105512,1912306,146894,,82,86,5.72,1.1828,1.1707,1.1586,,1.1731,55,1.31,,1.1707,1.1523,,1.168,1.1678,1.1661,1.1636,1.151,,,0.0042,0.0056,-0.0014,,1.1866,1.1825,1.1784,1.1702,1.1661,1.162,,1.1833,1.1661,1.1489,,25.1,14.8,62.91,100,72.62,,24,15.4,60.91,↑,,-22.13,39.96,0.0028,,44,0,222.04,175.09,258.19,203.59,12,19,,1.1659,1.1638,1.1649,1.1448,1.1754,1.1649,1.1448
2025-07-23,1.1754,1.1775,1.1711,1.1773,0.0019,0.0002,0.0043,,0,0,0.16,,152385,2064691,147040,,64,84,5.56,1.1835,1.1713,1.159,,1.1753,22,1.13,,1.1713,1.1535,,1.1699,1.1693,1.1672,1.1646,1.152,,,0.0047,0.0054,-0.0007,,1.1859,1.1827,1.1795,1.1731,1.1699,1.1667,,1.184,1.1672,1.1504,,24.4,13.2,64.89,100,95.09,,23.6,14.3,62.27,↓,,-7.3,65.26,0.0051,,14,0,220.18,162.58,262.12,193.55,15,19,,1.1666,1.1638,1.1652,1.1459,1.1773,1.1652,1.1459
2025-07-24,1.177,1.1789,1.1731,1.1749,-0.0021,0.0019,0.0018,,-0.0003,0,-0.2,,138707,1925984,144085,,58,82,5.5,1.1838,1.1715,1.1592,,1.1756,3,1.3,,1.1715,1.1547,,1.1709,1.1702,1.1679,1.1654,1.1529,,,0.0048,0.0053,-0.0005,,1.184,1.1811,1.1782,1.1724,1.1695,1.1666,,1.1843,1.1679,1.1515,,21.7,14.4,60.11,82.96,94.32,,21.9,15,59.35,↑,,-17.6,64.17,0.0048,,14,0,218.45,150.97,266.4,184.11,18,19,,1.1673,1.1638,1.1656,1.1481,1.1749,1.1656,1.1481
2025-07-25,1.1739,1.1761,1.1703,1.1742,0.0003,0.0019,0.0036,,-0.001,0,-0.06,,146722,1779262,142545,,58,80,5.48,1.184,1.1716,1.1593,,1.1735,-21,1,,1.1716,1.1558,,1.1716,1.1708,1.1685,1.1661,1.1537,,,0.0047,0.0052,-0.0005,,1.1826,1.1797,1.1768,1.171,1.1681,1.1652,,1.1845,1.1685,1.1525,,19.3,13.6,58.66,77.79,86.92,,20.3,14.4,58.5,↓,,-20.26,31.69,0.0051,,0,28,202.85,168.19,253.56,210.24,9,18,,1.1673,1.1642,1.1658,1.1481,1.1742,1.1658,1.1481
2025-07-28,1.1756,1.1771,1.1585,1.1589,-0.0167,0.0015,0.0004,,0.0014,0,-1.3,,166356,1612906,142539,,186,88,6.81,1.1837,1.1706,1.1575,,1.1648,-87,-0.91,,1.1706,1.1565,,1.1691,1.169,1.1676,1.1656,1.1539,,,0.0034,0.0048,-0.0014,,1.1898,1.1805,1.1712,1.1526,1.1433,1.134,,1.1852,1.1676,1.15,,17.2,29.1,37.15,0,53.58,,18.9,24.3,43.75,↑,,-86.21,-83.04,-0.0077,,0,118,188.36,274.18,214.05,311.57,19,18,,1.1673,1.1642,1.1658,1.1481,1.1589,1.1658,1.1481
2025-07-29,1.1591,1.1599,1.1519,1.1545,-0.0046,0.0008,0.0026,,0.0002,0,-0.38,,166720,1446186,142118,,80,87,6.83,1.1833,1.1693,1.1553,,1.1554,-94,-1.78,,1.1693,1.157,,1.1662,1.1668,1.1664,1.1648,1.1539,,,0.002,0.0042,-0.0022,,1.167,1.163,1.159,1.151,1.147,1.143,,1.1838,1.1664,1.149,,15.3,30.8,33.19,0,25.93,,17.6,25.7,40.65,↓,,-90.37,-182.19,-0.0057,,0,66,174.91,320.6,201.05,368.51,29,19,,1.1654,1.1675,1.1665,1.1501,1.1545,1.1665,1.1501
2025-07-30,1.1547,1.1573,1.1401,1.1406,-0.0141,0.0026,0.0005,,0.0002,0,-1.2,,189359,1256827,143381,,172,93,7.86,1.1853,1.1674,1.1494,,1.146,-94,-3.12,,1.1674,1.1572,,1.1611,1.1628,1.1639,1.163,1.1534,,,-0.0002,0.0033,-0.0035,,1.1691,1.1605,1.1519,1.1347,1.1261,1.1175,,1.1825,1.1639,1.1453,,13.6,42.8,24.11,0,0,,16.3,33.8,32.53,↑,,-98.71,-243.54,-0.0236,,0,118,162.42,415.7,174.65,446.99,44,21,,1.1595,1.1616,1.1606,1.1521,1.1406,1.1606,1.1521
2025-07-31,1.1407,1.1461,1.1403,1.1415,0.0008,0.0046,0.0004,,0.0001,1,0.08,,156301,1413128,143833,,58,91,7.87,1.1864,1.1656,1.1449,,1.1426,-34,-2.84,,1.1656,1.1574,,1.1572,1.1595,1.1618,1.1614,1.1529,,,-0.0019,0.0023,-0.0042,,1.1508,1.1479,1.145,1.1392,1.1363,1.1334,,1.18,1.1618,1.1436,,13.1,38,25.64,3.75,1.25,,15.8,31.4,33.47,↓,,-96.39,-221.96,-0.0183,,0,0,150.82,386.01,165.74,424.19,44,23,,1.1595,1.1616,1.1606,1.1521,1.1415,1.1606,1.1521
2025-08-01,1.1417,1.1597,1.1392,1.1587,0.017,0.001,0.0025,,0.0002,0,1.51,,245370,1658498,149390,,205,99,9.76,1.1849,1.1647,1.1445,,1.1525,99,-1.32,,1.1647,1.1579,,1.1575,1.1594,1.1615,1.1612,1.1531,,,-0.0018,0.0015,-0.0033,,1.1864,1.1761,1.1659,1.1454,1.1351,1.1249,,1.1813,1.1615,1.1417,,30.8,33.8,47.68,57.8,20.52,,27,29.2,48.04,↑,,-50.88,-113.15,-0.0039,,136,0,276.05,358.44,278.84,362.06,13,22,,1.1591,1.1611,1.1601,1.1521,1.1587,1.1601,1.1521
2025-08-04,1.1592,1.1597,1.155,1.1573,-0.0019,0.0005,0.0023,,0.0005,1,-0.12,,167943,1490555,150687,,47,95,9.59,1.1843,1.164,1.1438,,1.1573,48,-0.14,,1.164,1.1583,,1.1575,1.1591,1.1611,1.1609,1.1533,,,-0.0018,0.0008,-0.0026,,1.1644,1.1621,1.1597,1.155,1.1527,1.1503,,1.1801,1.1611,1.1421,,27.4,31.6,46.44,54.76,38.77,,25.1,28.1,47.18,↓,,-54.41,-62.13,-0.0123,,0,0,256.33,332.84,269.82,350.36,13,21,,1.1591,1.1611,1.1601,1.1521,1.1573,1.1601,1.1521
2025-08-05,1.157,1.1588,1.1528,1.1575,0.0005,0.0013,0.0042,,-0.0003,0,0.02,,139022,1629577,149744,,60,93,9.56,1.1833,1.1633,1.1432,,1.1564,-9,0.26,,1.1633,1.1588,,1.1575,1.1589,1.1608,1.1606,1.1535,,,-0.0017,0.0003,-0.002,,1.1659,1.1629,1.1599,1.1539,1.1509,1.1479,,1.1794,1.1608,1.1422,,24.6,28.1,46.68,62.69,58.42,,23.4,26.1,47.27,↑,,-53.9,-63.09,-0.0179,,0,22,238.02,331.07,255.94,355.99,16,21,,1.1591,1.1611,1.1601,1.1521,1.1575,1.1601,1.1521
2025-08-06,1.1574,1.1669,1.1564,1.166,0.0086,0.0009,0.001,,-0.0001,0,0.73,,125520,1755097,149190,,105,94,9.97,1.1826,1.1629,1.1433,,1.1631,67,2.23,,1.1629,1.1595,,1.1592,1.16,1.1613,1.161,1.154,,,-0.001,0,-0.001,,1.1803,1.1751,1.1698,1.1593,1.1541,1.1488,,1.1801,1.1613,1.1425,,31.3,25,55.6,91.14,69.53,,27.8,24.2,53.46,↓,,-32.49,0.81,-0.0113,,81,0,302.02,307.42,321.3,327.04,1,20,,1.1582,1.1601,1.1591,1.1521,1.166,1.1591,1.1521
2025-08-07,1.1658,1.1699,1.1611,1.1664,0.0006,0.0035,0.0047,,-0.0002,0,0.03,,149731,1904828,150698,,88,94,9.96,1.1822,1.1628,1.1433,,1.1658,27,2.18,,1.1628,1.1601,,1.1606,1.161,1.1618,1.1614,1.1545,,,-0.0004,0.0064,-0.0068,,1.1793,1.1749,1.1705,1.1617,1.1573,1.1529,,1.1806,1.1618,1.143,,28.3,22.2,56.04,100,84.61,,26.1,22.5,53.7,↑,,-31.49,29.06,-0.0085,,30,0,310.45,285.46,330.27,303.68,4,19,,1.1582,1.1601,1.1591,1.1521,1.1664,1.1591,1.1521
2025-08-08,1.1665,1.1679,1.1629,1.1642,-0.0023,0.0014,0.0013,,0.0001,1,-0.19,,124658,1780170,149357,,50,91,9.97,1.1818,1.1625,1.1433,,1.165,-8,0.47,,1.1625,1.1607,,1.1613,1.1615,1.162,1.1616,1.1549,,,-0.0001,0.0051,-0.0052,,1.1721,1.1696,1.1671,1.1621,1.1596,1.1571,,1.1802,1.162,1.1438,,25.2,22.2,53.16,90.98,94.04,,24.2,22.5,51.82,↓,,-37.03,23.77,-0.01,,0,0,288.27,265.07,316.78,291.29,4,18,,1.1546,1.1591,1.1569,1.1521,1.1642,1.1569,1.1521
2025-08-11,1.165,1.1676,1.159,1.1616,-0.0034,0.0026,0.0026,,0.0008,0,-0.22,,106961,1673209,148752,,86,91,9.97,1.1814,1.1623,1.1431,,1.1627,-23,0.37,,1.1623,1.161,,1.1614,1.1615,1.162,1.1616,1.1552,,,-0.0001,0.0041,-0.0042,,1.1751,1.1708,1.1665,1.1579,1.1536,1.1493,,1.1802,1.162,1.1438,,22.4,22.6,49.78,80.39,90.46,,22.5,22.7,49.78,↑,,-43.58,3.81,0.0027,,0,39,267.68,285.14,294.15,313.34,3,17,,1.1546,1.1591,1.1569,1.1572,1.1616,1.1569,1.1572
2025-08-12,1.1615,1.1697,1.1599,1.1673,0.0058,0.0024,0.0016,,-0.0001,0,0.49,,187441,1860650,151633,,98,92,9.93,1.1819,1.1626,1.1434,,1.1656,29,0.85,,1.1626,1.1616,,1.1626,1.1624,1.1625,1.162,1.1557,,,0.0004,0.0034,-0.003,,1.1812,1.1763,1.1714,1.1616,1.1567,1.1518,,1.1809,1.1625,1.1441,,26.2,20.1,56.59,100,90.46,,25,21.1,54.23,↓,,-29.22,31.19,0.0128,,21,0,269.56,264.77,293,287.79,1,16,,1.1546,1.1591,1.1569,1.1589,1.1673,1.1569,1.1589
2025-08-13,1.168,1.173,1.1669,1.1705,0.0025,0.0025,0.0011,,0.0007,0,0.27,,119581,1980231,146912,,61,90,9.9,1.1825,1.1629,1.1434,,1.1701,45,0.39,,1.1629,1.1622,,1.1642,1.1636,1.1633,1.1626,1.1563,,,0.001,0.0029,-0.0019,,1.1795,1.1765,1.1734,1.1673,1.1643,1.1612,,1.1813,1.1633,1.1453,,26.8,17.9,59.96,100,93.46,,25.5,19.6,56.54,↑,,-17.41,70.65,0.0299,,33,0,283.31,245.86,314.79,273.18,7,15,,1.1561,1.1591,1.1576,1.1593,1.1705,1.1576,1.1593
2025-08-14,1.1706,1.1715,1.1631,1.1649,-0.0057,0.0009,0.0018,,0.0001,0,-0.48,,144506,1835725,148103,,84,90,9.96,1.1827,1.1632,1.1437,,1.1665,-36,-0.13,,1.1632,1.1626,,1.1643,1.1638,1.1635,1.1628,1.1566,,,0.001,0.0025,-0.0015,,1.1783,1.1741,1.1699,1.1615,1.1573,1.1531,,1.1815,1.1635,1.1455,,23.8,22.1,51.85,40.01,80,,23.7,22.2,51.63,↓,,-32.19,32.78,0.0234,,0,38,263.07,266.3,292.3,295.89,1,14,,1.1629,1.1591,1.161,1.1593,1.1649,1.161,1.1593
2025-08-15,1.165,1.1715,1.1646,1.1705,0.0055,0.001,0.0004,,0.0001,1,0.48,,112683,1948408,147913,,69,89,10.07,1.1834,1.1636,1.1438,,1.1689,24,0.54,,1.1636,1.1632,,1.1655,1.1648,1.1642,1.1634,1.1571,,,0.0014,0.0023,-0.0009,,1.18,1.1766,1.1731,1.1662,1.1628,1.1593,,1.182,1.1642,1.1464,,27.4,19.6,58.3,87.5,75.84,,26,20.6,55.79,↑,,-7.4,51.21,0.0118,,0,0,244.28,247.28,274.47,277.84,1,13,,1.1629,1.1591,1.161,1.1601,1.1705,1.161,1.1601
2025-08-18,1.1713,1.1716,1.1656,1.1661,-0.0052,0.0003,0.0005,,0.0008,0,-0.38,,101096,1847312,147329,,60,87,9.93,1.183,1.1634,1.1438,,1.1678,-11,0.39,,1.1634,1.1637,,1.1656,1.165,1.1644,1.1636,1.1575,,,0.0014,0.0021,-0.0007,,1.1759,1.1729,1.1699,1.1639,1.1609,1.1579,,1.1818,1.1644,1.147,,24.4,22.3,52.25,24.26,50.59,,24.1,22.3,51.94,↓,,-20.41,40.78,0.0088,,1,0,227.83,229.62,261.87,263.93,0,12,,1.1647,1.1591,1.1619,1.1601,1.1661,1.1619,1.1601
2025-08-19,1.1662,1.1693,1.1639,1.1647,-0.0015,0.0031,0.0008,,0.0001,0,-0.12,,100261,1747051,147066,,54,85,9.75,1.1817,1.1629,1.144,,1.166,-18,-0.22,,1.1629,1.1641,,1.1654,1.165,1.1644,1.1637,1.1578,,,0.0013,0.0019,-0.0006,,1.1734,1.1707,1.168,1.1626,1.1599,1.1572,,1.1814,1.1644,1.1474,,21.7,21.4,50.35,5.6,39.12,,22.4,21.7,50.79,↑,,-24.56,28.4,0.0072,,0,17,211.56,230.22,248.89,270.85,4,11,,1.166,1.1591,1.1626,1.1602,1.1647,1.1626,1.1602
2025-08-20,1.1648,1.1674,1.1622,1.165,0.0002,0.0024,0.0026,,0.0001,0,0.03,,112853,1859904,145090,,52,83,9.73,1.18,1.1623,1.1446,,1.1649,-11,-0.47,,1.1623,1.1645,,1.1653,1.165,1.1645,1.1638,1.1581,,,0.0012,0.0018,-0.0006,,1.1727,1.1701,1.1675,1.1623,1.1597,1.1571,,1.1811,1.1645,1.1479,,19.6,19,50.78,9.82,13.23,,21,20.2,50.97,↓,,-23.67,23.97,-0.001,,0,17,196.45,230.78,236.69,278.05,8,11,,1.166,1.1591,1.1626,1.1602,1.165,1.1626,1.1602
2025-08-21,1.1653,1.1663,1.1601,1.1606,-0.0047,0.001,0.0005,,0.0003,0,-0.38,,120409,1739495,144175,,62,82,9.78,1.1783,1.1615,1.1448,,1.1623,-26,-0.37,,1.1615,1.1645,,1.1644,1.1643,1.1641,1.1636,1.1582,,,0.0007,0.0016,-0.0009,,1.1708,1.1677,1.1646,1.1584,1.1553,1.1522,,1.1805,1.1641,1.1477,,17.4,21.8,44.39,0,5.14,,19.5,21.9,47.1,↑,,-61.39,5.09,-0.0058,,0,21,182.42,235.3,222.46,286.95,13,11,,1.166,1.1591,1.1626,1.1611,1.1606,1.1626,1.1611
2025-08-22,1.1607,1.1743,1.1583,1.1722,0.0115,0.0021,0.0024,,0.0001,0,1,,146752,1886247,144176,,160,88,10.48,1.1779,1.1614,1.145,,1.1683,60,0.15,,1.1614,1.1648,,1.166,1.1655,1.1649,1.1642,1.1587,,,0.0013,0.0015,-0.0002,,1.1942,1.1862,1.1782,1.1622,1.1542,1.1462,,1.1825,1.1649,1.1473,,28.4,19.4,59.41,96.47,35.43,,26.4,20.3,56.53,↓,,-9.77,74.85,0.008,,80,0,249.39,218.49,283.4,248.28,7,11,,1.1663,1.1591,1.1627,1.1611,1.1722,1.1627,1.1611
2025-08-25,1.1724,1.1728,1.1603,1.162,-0.0104,0.0004,0.0017,,0.0002,1,-0.87,,100761,1785486,140896,,125,91,9.85,1.178,1.1616,1.1452,,1.165,-33,-0.35,,1.1616,1.165,,1.1652,1.165,1.1646,1.164,1.1588,,,0.001,0.0014,-0.0004,,1.1823,1.1761,1.1698,1.1573,1.1511,1.1448,,1.1828,1.1646,1.1464,,25.2,28.6,46.84,15.74,37.4,,24.5,26.1,48.42,↑,,-68.72,38.37,0.0004,,0,0,231.58,202.88,254.48,222.95,7,11,,1.1663,1.1591,1.1627,1.1611,1.162,1.1627,1.1611
2025-08-26,1.1619,1.1665,1.1602,1.1641,0.0022,0.0024,0.0017,,-0.0001,0,0.18,,146198,1931684,139870,,63,89,9.75,1.1782,1.1621,1.146,,1.1636,-14,-0.05,,1.1621,1.1653,,1.165,1.1649,1.1646,1.164,1.159,,,0.0009,0.0013,-0.0004,,1.1733,1.1702,1.167,1.1607,1.1576,1.1544,,1.1824,1.1646,1.1468,,24.7,25.4,49.3,32.69,48.3,,24.2,24.2,50,↓,,-63.75,19.02,-0.0032,,0,1,215.04,189.39,241.62,212.8,6,11,,1.1663,1.1591,1.1627,1.1611,1.1641,1.1627,1.1611
2025-08-27,1.1646,1.1648,1.1574,1.1638,-0.0008,0.0002,0.0064,,0.0005,0,-0.03,,111723,1819961,135989,,74,88,8.57,1.176,1.1632,1.1505,,1.162,-16,-0.1,,1.1632,1.1656,,1.1648,1.1647,1.1645,1.164,1.1592,,,0.0007,0.0012,-0.0005,,1.174,1.1703,1.1666,1.1592,1.1555,1.1518,,1.1821,1.1645,1.1469,,22,22.9,49,30.69,26.37,,22.5,22.7,49.78,↑,,-62.13,-12.52,-0.0067,,0,28,199.68,203.86,226.91,231.66,1,10,,1.1658,1.1591,1.1625,1.1611,1.1638,1.1625,1.1611
2025-08-28,1.1638,1.1698,1.1629,1.1683,0.0045,0.0015,0.0009,,0,0,0.39,,112672,1932633,133807,,69,87,8.63,1.1727,1.1646,1.1565,,1.167,50,0.66,,1.1646,1.166,,1.1655,1.1653,1.1649,1.1643,1.1596,,,0.001,0.0012,-0.0002,,1.178,1.1746,1.1711,1.1642,1.1608,1.1573,,1.1823,1.1649,1.1475,,24.6,20.4,54.67,68.44,43.94,,24.1,21.1,53.32,↓,,-35.5,61,0.0034,,50,0,235.42,189.3,270.6,217.59,11,10,,1.1658,1.1591,1.1625,1.1611,1.1683,1.1625,1.1611
2025-08-29,1.1682,1.1709,1.1651,1.1686,0.0004,0.0023,0.0031,,-0.0001,0,0.03,,117172,2049805,127397,,58,85,6.92,1.1729,1.1651,1.1573,,1.1682,12,-0.31,,1.1651,1.1663,,1.1661,1.1658,1.1653,1.1646,1.16,,,0.0012,0.0012,0,,1.1771,1.1742,1.1713,1.1655,1.1626,1.1597,,1.1823,1.1653,1.1483,,22.2,18.1,55.09,71.24,56.79,,22.6,19.6,53.55,↑,,-33.73,85.52,-0.0019,,11,0,229.6,175.78,270.12,206.8,13,10,,1.1658,1.1582,1.162,1.1611,1.1686,1.162,1.1611
2025-09-01,1.1696,1.1737,1.1687,1.1711,0.0015,0.0026,0.0009,,0.001,0,0.21,,82696,2132501,123135,,51,83,6.92,1.1731,1.1658,1.1584,,1.1712,30,0.78,,1.1658,1.1666,,1.1671,1.1666,1.1659,1.1651,1.1604,,,0.0015,0.0013,0.0002,,1.1786,1.1761,1.1736,1.1686,1.1661,1.1636,,1.1825,1.1659,1.1493,,22.5,16.1,58.29,92.54,77.41,,22.8,18.2,55.61,↓,,-18.93,153.01,0.005,,28,0,241.2,163.22,290.6,196.65,19,11,,1.1658,1.1582,1.162,1.1611,1.1711,1.162,1.1611
2025-09-02,1.1709,1.1718,1.1613,1.1642,-0.0067,0.0009,0.0029,,-0.0002,0,-0.59,,167779,1964722,124573,,105,85,7.29,1.1725,1.1661,1.1597,,1.1658,-54,0.01,,1.1661,1.1666,,1.1665,1.1662,1.1657,1.165,1.1605,,,0.0012,0.0013,-0.0001,,1.1807,1.1755,1.1702,1.1597,1.1545,1.1492,,1.1827,1.1657,1.1487,,20,22,47.62,21.5,61.76,,21.2,21.8,49.3,↑,,-59.76,-7.33,-0.0005,,0,74,223.97,225.56,263.49,265.36,0,10,,1.1658,1.1568,1.1613,1.1611,1.1642,1.1613,1.1611
2025-09-03,1.1642,1.1682,1.1608,1.1661,0.0019,0.0021,0.0034,,0,0,0.16,,127370,2092092,124665,,74,84,6.83,1.1725,1.1661,1.1598,,1.165,-8,0.2,,1.1661,1.1666,,1.1664,1.1662,1.1657,1.1651,1.1607,,,0.0011,0.0013,-0.0002,,1.1767,1.173,1.1693,1.1619,1.1582,1.1545,,1.1825,1.1657,1.1489,,19.9,19.6,50.38,28.16,47.4,,21,20.2,50.97,↓,,-48.52,-36.4,0.0011,,0,5,207.97,214.45,247.58,255.3,2,9,,1.1658,1.1568,1.1613,1.1611,1.1661,1.1613,1.1611
2025-09-04,1.1662,1.167,1.163,1.1651,-0.0011,0.0008,0.0021,,0.0001,1,-0.09,,117114,1974978,123034,,40,81,6.84,1.1724,1.166,1.1597,,1.165,0,-0.27,,1.166,1.1665,,1.1661,1.166,1.1656,1.1651,1.1609,,,0.0009,0.0012,-0.0003,,1.1711,1.1691,1.1671,1.1631,1.1611,1.1591,,1.1818,1.1656,1.1494,,17.7,18.5,48.9,17.99,22.55,,19.5,19.5,50,↑,,-54.44,-34.52,0.0045,,0,0,193.12,199.13,238.42,245.84,2,9,,1.1656,1.1568,1.1612,1.1611,1.1651,1.1612,1.1611
2025-09-05,1.1649,1.176,1.1648,1.1718,0.0069,0.0042,0.0001,,-0.0002,0,0.58,,151458,2126436,124374,,112,83,7.1,1.1732,1.1664,1.1596,,1.1709,59,0.27,,1.1664,1.1665,,1.1672,1.1669,1.1662,1.1656,1.1613,,,0.0013,0.0012,0.0001,,1.1881,1.1825,1.1769,1.1657,1.1601,1.1545,,1.1828,1.1662,1.1496,,23.2,16.4,58.59,100,48.72,,22.9,18.1,55.85,↓,,-22.58,138.98,-0.0004,,90,0,269.33,184.91,324.49,222.78,19,10,,1.1667,1.1576,1.1622,1.1611,1.1718,1.1622,1.1611
2025-09-08,1.1714,1.1766,1.1704,1.1763,0.0049,0.0003,0.001,,-0.0004,0,0.38,,121791,2248227,125116,,62,82,7.13,1.1748,1.1672,1.1595,,1.1744,35,0.44,,1.1672,1.1665,,1.169,1.1683,1.1672,1.1664,1.1619,,,0.0019,0.0013,0.0006,,1.1847,1.1816,1.1785,1.1723,1.1692,1.1661,,1.1836,1.1672,1.1508,,25.6,14.6,63.68,100,72.66,,24.5,16.8,59.32,↑,,-1.56,205.28,0.0143,,6,0,256.09,171.7,312.3,209.39,20,11,,1.167,1.1647,1.1659,1.1611,1.1763,1.1659,1.1611
2025-09-09,1.1762,1.178,1.1704,1.1711,-0.0051,0.0018,0.0007,,-0.0001,0,-0.44,,141489,2106738,122818,,76,82,7.16,1.1752,1.1674,1.1595,,1.1732,-12,0.59,,1.1674,1.1663,,1.1694,1.1687,1.1676,1.1667,1.1623,,,0.002,0.0014,0.0006,,1.1835,1.1797,1.1759,1.1683,1.1645,1.1607,,1.184,1.1676,1.1512,,22.8,18.8,54.81,44.77,81.59,,22.8,19.3,54.16,↓,,-33.5,143.97,0.007,,14,0,251.8,159.44,307.07,194.44,22,12,,1.1694,1.1654,1.1674,1.1611,1.1711,1.1674,1.1611
2025-09-10,1.171,1.1731,1.1683,1.1694,-0.0016,0.0021,0.0011,,-0.0001,0,-0.15,,143168,1963570,123998,,48,80,7.12,1.1751,1.1673,1.1595,,1.1703,-29,0.28,,1.1673,1.1661,,1.1694,1.1688,1.1678,1.1669,1.1626,,,0.0019,0.0015,0.0004,,1.177,1.1746,1.1722,1.1674,1.165,1.1626,,1.1838,1.1678,1.1518,,20.3,18.6,52.19,28.46,57.74,,21.2,19.1,52.61,↑,,-41.75,72.44,0.0056,,0,21,233.81,169.05,292.26,211.31,16,12,,1.1694,1.1672,1.1683,1.1611,1.1694,1.1683,1.1611
2025-09-11,1.1695,1.1746,1.1661,1.1735,0.004,0.0011,0.0034,,0.0001,0,0.35,,154050,2117620,124475,,85,80,6.99,1.1759,1.1677,1.1596,,1.1714,11,0.72,,1.1677,1.166,,1.1702,1.1695,1.1683,1.1674,1.163,,,0.0021,0.0016,0.0005,,1.1852,1.181,1.1767,1.1682,1.1639,1.1597,,1.1843,1.1683,1.1523,,22.6,16.5,57.8,63.39,45.54,,22.6,17.7,56.08,↓,,-21.84,88.82,0.0052,,0,22,217.11,178.98,271.39,223.73,10,12,,1.1694,1.1677,1.1686,1.1601,1.1735,1.1686,1.1601
2025-09-12,1.1733,1.1748,1.1701,1.1735,0.0002,0.0013,0.0032,,-0.0002,0,0,,120292,2117620,124855,,47,78,6.79,1.1763,1.1679,1.1594,,1.1728,14,0.15,,1.1679,1.166,,1.1709,1.1701,1.1688,1.1679,1.1634,,,0.0022,0.0017,0.0005,,1.1802,1.1778,1.1755,1.1708,1.1685,1.1661,,1.1844,1.1688,1.1532,,20.1,14.7,57.76,63.14,51.66,,21,16.4,56.15,↑,,-21.84,109.17,0.0049,,2,0,203.6,166.2,261.03,213.08,10,12,,1.1694,1.1677,1.1686,1.1601,1.1735,1.1686,1.1601
2025-09-15,1.1733,1.1775,1.1716,1.1761,0.0028,0.0014,0.0017,,-0.0002,0,0.22,,102425,2220045,124922,,59,77,6.67,1.1775,1.1684,1.1593,,1.1751,23,-0.02,,1.1684,1.1661,,1.1719,1.171,1.1695,1.1685,1.1639,,,0.0025,0.0019,0.0006,,1.1844,1.1814,1.1785,1.1726,1.1697,1.1667,,1.1849,1.1695,1.1541,,20.8,13.1,61.36,84.3,70.28,,21.4,15.2,58.47,↓,,-9.22,134.36,0.005,,27,0,216.06,154.33,280.6,200.43,17,12,,1.1694,1.1677,1.1686,1.1591,1.1761,1.1686,1.1591
2025-09-16,1.1763,1.1878,1.1757,1.1867,0.0104,0.0011,0.0006,,0.0002,0,0.9,,154976,2375021,127657,,121,80,7.29,1.1814,1.1695,1.1575,,1.1834,83,1.33,,1.1695,1.1663,,1.1749,1.1734,1.1711,1.1698,1.1648,,,0.0036,0.0022,0.0014,,1.2032,1.1972,1.1911,1.179,1.173,1.1669,,1.1871,1.1711,1.1551,,30.3,11.6,72.32,100,82.48,,27.4,14.1,66.02,↑,,-4.07,230.45,0.0225,,103,0,303.63,143.31,379.54,179.14,36,14,,1.1754,1.1726,1.174,1.1635,1.1867,1.174,1.1635
2025-09-17,1.1861,1.1919,1.1808,1.1813,-0.0048,0.0058,0.0005,,-0.0006,0,-0.46,,185867,2189154,131308,,111,82,7.54,1.1831,1.1703,1.1575,,1.1847,13,1.02,,1.1703,1.1665,,1.1762,1.1746,1.1721,1.1707,1.1654,,,0.0039,0.0025,0.0014,,1.1996,1.194,1.1885,1.1774,1.1719,1.1663,,1.1885,1.1721,1.1557,,26.9,16.3,62.27,50.07,78.12,,25.4,17,59.91,↓,,-34.08,206.27,0.0152,,41,0,322.94,133.07,393.83,162.28,42,16,,1.1784,1.1747,1.1766,1.1656,1.1813,1.1766,1.1656
2025-09-18,1.1813,1.1848,1.175,1.1786,-0.0027,0.0035,0.0036,,0,0,-0.23,,181114,2008040,134343,,98,83,7.44,1.1837,1.1712,1.1587,,1.1795,-52,0.43,,1.1712,1.1667,,1.1767,1.1752,1.1727,1.1713,1.1659,,,0.0039,0.0028,0.0011,,1.1937,1.1888,1.1839,1.1741,1.1692,1.1643,,1.1893,1.1727,1.1561,,23.9,17.5,57.73,27.52,59.2,,23.6,17.7,57.14,↑,,-42.77,119.64,0.0135,,0,58,299.87,181.57,361.29,218.76,25,17,,1.179,1.1747,1.1769,1.1656,1.1786,1.1769,1.1656
2025-09-19,1.1789,1.1793,1.1729,1.1747,-0.0042,0.0004,0.0018,,0.0003,0,-0.33,,158090,1849950,134910,,64,82,6.73,1.1839,1.1713,1.1587,,1.1756,-39,0.1,,1.1713,1.1668,,1.1763,1.1751,1.1729,1.1716,1.1662,,,0.0035,0.0029,0.0006,,1.1848,1.1816,1.1784,1.172,1.1688,1.1656,,1.1893,1.1729,1.1565,,21.2,19.9,51.58,0,25.86,,21.9,19.2,53.28,↓,,-55.31,60.03,0.0029,,0,21,278.45,189.6,339.57,231.22,19,17,,1.179,1.1747,1.1769,1.1656,1.1747,1.1769,1.1656
2025-09-22,1.1739,1.1803,1.1726,1.1803,0.0064,0,0.0013,,-0.0008,0,0.48,,115238,1965188,135634,,77,82,6.05,1.1846,1.1722,1.1598,,1.1777,21,0.36,,1.1722,1.1671,,1.1771,1.1759,1.1736,1.1722,1.1668,,,0.0037,0.0031,0.0006,,1.1906,1.1868,1.1829,1.1752,1.1713,1.1675,,1.19,1.1736,1.1572,,25.1,17.7,58.64,34.04,20.52,,24.3,17.8,57.72,↑,,-37.3,78.88,0.004,,10,0,268.56,176.06,327.51,214.71,21,17,,1.179,1.1747,1.1769,1.1656,1.1803,1.1769,1.1656
2025-09-23,1.1798,1.182,1.1779,1.1815,0.0017,0.0005,0.0019,,-0.0005,0,0.1,,139781,2104969,135313,,41,79,6.03,1.1855,1.1731,1.1607,,1.1805,28,-0.44,,1.1731,1.1675,,1.178,1.1768,1.1744,1.1729,1.1674,,,0.0039,0.0033,0.0006,,1.1871,1.1851,1.183,1.1789,1.1769,1.1748,,1.1902,1.1744,1.1586,,23.6,15.7,60.05,40.84,24.96,,23.4,16.5,58.65,↓,,-35.99,103.74,0.0104,,17,0,266.38,163.48,337.19,206.94,24,18,,1.179,1.1747,1.1769,1.1656,1.1815,1.1769,1.1656
2025-09-24,1.1814,1.1819,1.1728,1.1738,-0.0076,0.0005,0.001,,-0.0001,0,-0.65,,145267,1959702,136990,,91,80,6.56,1.1853,1.1736,1.1619,,1.1762,-43,-0.63,,1.1736,1.1677,,1.1772,1.1763,1.1743,1.173,1.1677,,,0.0033,0.0033,0,,1.1886,1.1841,1.1795,1.1704,1.1659,1.1613,,1.1903,1.1743,1.1583,,21,22.5,48.28,0,24.96,,21.7,20.8,51.06,↑,,-66.79,39.81,0.0044,,0,51,247.35,202.8,309.19,253.5,10,17,,1.181,1.1747,1.1779,1.1656,1.1738,1.1779,1.1656
2025-09-25,1.174,1.1754,1.1646,1.1666,-0.0074,0.0014,0.002,,0.0002,0,-0.61,,161287,1798415,139421,,108,82,6.82,1.1854,1.1735,1.1617,,1.1689,-73,-1.02,,1.1735,1.1678,,1.1751,1.1748,1.1736,1.1725,1.1677,,,0.0023,0.0031,-0.0008,,1.1839,1.1785,1.1731,1.1623,1.1569,1.1515,,1.19,1.1736,1.1572,,18.7,28,40.04,0,13.61,,20.2,24.5,45.19,↓,,-92.67,-67.28,-0.0069,,0,82,229.68,270.31,280.1,329.65,8,16,,1.1783,1.1747,1.1765,1.1656,1.1666,1.1765,1.1656
2025-09-26,1.1662,1.1707,1.1658,1.17,0.0038,0.0007,0.0004,,-0.0004,1,0.29,,153207,1951622,141223,,49,80,6.91,1.1853,1.1736,1.1618,,1.1688,-1,-0.4,,1.1736,1.168,,1.1741,1.1741,1.1733,1.1723,1.1678,,,0.0018,0.0028,-0.001,,1.1768,1.1744,1.1719,1.167,1.1646,1.1621,,1.1893,1.1733,1.1573,,20.4,24.9,45.03,15.46,5.15,,21.2,22.8,48.18,↑,,-80.22,-68.66,-0.0035,,0,0,213.27,251,266.59,313.75,8,15,,1.1783,1.1747,1.1765,1.1656,1.17,1.1765,1.1656
2025-09-29,1.1703,1.1755,1.1702,1.1727,0.0024,0.0028,0.0001,,0.0003,0,0.23,,131695,2083317,143673,,55,78,6.91,1.1854,1.1737,1.162,,1.1728,40,-0.64,,1.1737,1.168,,1.1738,1.1739,1.1732,1.1723,1.168,,,0.0016,0.0026,-0.001,,1.1807,1.1781,1.1754,1.1701,1.1675,1.1648,,1.1888,1.1732,1.1576,,21.1,22.1,48.84,39.59,18.35,,21.6,21.2,50.47,↓,,-70.33,-11.83,-0.0034,,48,0,246.04,233.07,315.44,298.81,3,14,,1.1783,1.1747,1.1765,1.1656,1.1727,1.1765,1.1656
2025-09-30,1.1727,1.1762,1.1712,1.1734,0.0007,0.0028,0.0015,,0,0,0.06,,144957,2228274,142532,,50,76,6.54,1.185,1.1741,1.1633,,1.1736,8,-0.69,,1.1741,1.168,,1.1737,1.1738,1.1732,1.1724,1.1682,,,0.0014,0.0024,-0.001,,1.181,1.1785,1.176,1.171,1.1685,1.166,,1.1884,1.1732,1.158,,19.5,19.6,49.87,49.13,34.73,,20.6,19.7,51.12,↑,,-67.77,-6.23,-0.0133,,7,0,235.47,216.42,309.83,284.76,4,13,,1.1747,1.1747,1.1747,1.1656,1.1734,1.1747,1.1656
2025-10-01,1.1736,1.1779,1.1716,1.1731,-0.0005,0.0043,0.0015,,0.0002,0,-0.03,,200006,2028268,146164,,63,75,6.53,1.1847,1.1745,1.1642,,1.1742,6,-0.06,,1.1745,1.1679,,1.1736,1.1737,1.1732,1.1725,1.1684,,,0.0012,0.0022,-0.001,,1.1831,1.18,1.1768,1.1705,1.1673,1.1642,,1.1882,1.1732,1.1582,,17.3,17.8,49.29,46.23,44.98,,19.1,18.5,50.8,↓,,-68.86,-4.38,-0.0082,,17,0,235.65,200.96,314.2,267.95,8,13,,1.1733,1.1747,1.174,1.1656,1.1731,1.174,1.1656
2025-10-02,1.1731,1.1758,1.1683,1.1717,-0.0014,0.0027,0.0034,,0,0,-0.12,,138034,1890234,147210,,75,75,6.54,1.1842,1.1748,1.1654,,1.1719,-23,0.44,,1.1748,1.1679,,1.1732,1.1734,1.1731,1.1724,1.1685,,,0.001,0.002,-0.001,,1.1831,1.1793,1.1756,1.1681,1.1644,1.1606,,1.1881,1.1731,1.1581,,15.4,17.4,46.95,34.53,43.3,,17.7,18.2,49.3,↑,,-73.99,-55.5,-0.0069,,0,33,218.82,219.61,291.76,292.81,0,12,,1.1733,1.1764,1.1749,1.1656,1.1717,1.1749,1.1656
2025-10-03,1.1715,1.1759,1.1715,1.1743,0.0028,0.0016,0,,-0.0002,0,0.22,,126797,2017031,145977,,44,73,6.26,1.1842,1.1749,1.1656,,1.1739,20,0.37,,1.1749,1.1679,,1.1734,1.1735,1.1732,1.1725,1.1687,,,0.001,0.0018,-0.0008,,1.1807,1.1785,1.1763,1.1719,1.1697,1.1675,,1.1878,1.1732,1.1586,,16.6,15.5,51.71,58.32,46.36,,18.3,16.9,51.99,↓,,-64.47,-20.96,-0.0004,,1,0,204.19,203.92,279.71,279.34,0,11,,1.1733,1.1764,1.1749,1.1656,1.1743,1.1749,1.1656
2025-10-06,1.1727,1.1731,1.1652,1.1713,-0.0014,0.0004,0.0061,,-0.0016,0,-0.26,,178697,1838334,148822,,91,74,6.17,1.1841,1.1747,1.1653,,1.1699,-40,-0.12,,1.1747,1.1681,,1.173,1.1732,1.173,1.1724,1.1688,,,0.0008,0.0016,-0.0008,,1.1824,1.1785,1.1745,1.1666,1.1627,1.1587,,1.1878,1.173,1.1582,,14.8,17.1,46.39,54.41,49.09,,17,17.8,48.85,↑,,-75.46,-92.53,-0.009,,0,63,189.61,252.35,256.23,341.01,14,11,,1.1732,1.1764,1.1748,1.1656,1.1713,1.1748,1.1656
2025-10-07,1.171,1.1716,1.1648,1.1659,-0.0051,0.0006,0.0011,,-0.0003,0,-0.46,,137177,1701157,148606,,68,74,6.19,1.1845,1.1744,1.1644,,1.1674,-25,-0.64,,1.1744,1.1683,,1.1716,1.1721,1.1723,1.1719,1.1687,,,0.0002,0.0013,-0.0011,,1.1769,1.1735,1.1701,1.1633,1.1599,1.1565,,1.1871,1.1723,1.1575,,13.2,21.2,38.37,0,37.58,,15.8,20.4,43.65,↓,,-93.56,-125.3,-0.0156,,0,4,176.07,238.33,237.93,322.07,15,11,,1.1713,1.1764,1.1738,1.1656,1.1659,1.1738,1.1656
2025-10-08,1.1657,1.1661,1.1598,1.1628,-0.0029,0.0004,0.003,,-0.0002,0,-0.27,,158233,1542924,149360,,63,73,6.23,1.1852,1.1741,1.163,,1.1629,-45,-0.88,,1.1741,1.1688,,1.1698,1.1707,1.1714,1.1712,1.1685,,,-0.0005,0.0009,-0.0014,,1.1723,1.1692,1.166,1.1597,1.1566,1.1534,,1.186,1.1714,1.1568,,11.7,22.3,34.41,0,18.14,,14.7,21.2,40.95,↑,,-86.49,-184.61,-0.011,,0,50,163.49,271.31,223.96,371.66,25,12,,1.1689,1.1759,1.1724,1.1656,1.1628,1.1724,1.1656
2025-10-09,1.1627,1.1648,1.1542,1.1565,-0.0062,0.0021,0.0023,,-0.0001,0,-0.54,,183824,1359100,150848,,106,75,6.32,1.1867,1.1732,1.1598,,1.1585,-44,-1.3,,1.1732,1.1691,,1.1671,1.1685,1.17,1.1701,1.168,,,-0.0016,0.0004,-0.002,,1.1734,1.1681,1.1628,1.1522,1.1469,1.1416,,1.185,1.17,1.155,,10.4,26.8,27.96,0,0,,13.7,24.2,36.15,↓,,-91.73,-212.55,-0.0101,,0,56,151.81,307.93,202.41,410.57,34,14,,1.166,1.1731,1.1696,1.1656,1.1565,1.1696,1.1656
2025-10-10,1.1561,1.1631,1.1557,1.1622,0.0061,0.0009,0.0004,,-0.0004,1,0.49,,178529,1537629,153760,,74,75,6.63,1.187,1.1727,1.1584,,1.1603,18,-1.03,,1.1727,1.1691,,1.1661,1.1675,1.1693,1.1695,1.1678,,,-0.002,-0.0001,-0.0019,,1.1724,1.1687,1.165,1.1576,1.1539,1.1502,,1.1843,1.1693,1.1543,,15.6,23.8,39.59,48.97,16.32,,16.8,22.5,42.75,↑,,-71.22,-154.8,-0.0078,,0,0,140.97,285.94,187.96,381.25,34,15,,1.166,1.1731,1.1696,1.1656,1.1622,1.1696,1.1656
2025-10-13,1.1611,1.163,1.1558,1.1571,-0.004,0.0019,0.0013,,-0.0011,1,-0.44,,149490,1388139,156113,,72,75,6.69,1.1875,1.1717,1.156,,1.1586,-17,-1.21,,1.1717,1.1691,,1.1643,1.1659,1.1681,1.1686,1.1674,,,-0.0027,-0.0006,-0.0021,,1.1687,1.1651,1.1615,1.1543,1.1507,1.1471,,1.1831,1.1681,1.1531,,13.9,26.8,34.15,26.06,25.01,,15.6,24.5,38.9,↓,,-89.53,-147.17,-0.0156,,0,0,130.9,265.52,174.53,354.03,34,16,,1.166,1.1731,1.1696,1.1656,1.1571,1.1696,1.1656
2025-10-14,1.157,1.1615,1.1542,1.1608,0.0038,0.0007,0.0028,,-0.0001,0,0.32,,198051,1586190,158267,,73,75,5.82,1.1853,1.1704,1.1556,,1.1588,2,-0.44,,1.1704,1.1692,,1.1636,1.1651,1.1674,1.168,1.1671,,,-0.0029,-0.0011,-0.0018,,1.1708,1.1672,1.1635,1.1562,1.1526,1.1489,,1.1824,1.1674,1.1524,,16.5,23.8,40.94,54.65,43.23,,17.1,22.8,42.86,↑,,-72.15,-127.1,-0.0126,,0,16,121.55,262.55,162.07,350.07,37,18,,1.1651,1.1731,1.1691,1.1724,1.1608,1.1691,1.1724
2025-10-15,1.1608,1.1648,1.1602,1.1647,0.0039,0.0001,0.0006,,0,0,0.34,,164118,1750308,157180,,46,73,5.88,1.1837,1.1696,1.1555,,1.1632,44,0.16,,1.1696,1.1692,,1.1638,1.165,1.1671,1.1678,1.167,,,-0.0028,-0.0014,-0.0014,,1.1709,1.1686,1.1663,1.1617,1.1594,1.1571,,1.1817,1.1671,1.1525,,19,21.2,47.26,81.26,53.99,,18.7,21.2,46.87,↓,,-55.7,-72.16,-0.0084,,33,0,145.87,243.8,199.82,333.97,25,19,,1.1651,1.1731,1.1691,1.1724,1.1647,1.1691,1.1724
2025-10-16,1.1646,1.1694,1.1643,1.1688,0.0042,0.0006,0.0003,,-0.0001,0,0.35,,179416,1929724,157095,,51,71,6.03,1.1826,1.1691,1.1556,,1.1675,43,1.06,,1.1691,1.1692,,1.1648,1.1656,1.1673,1.1679,1.1671,,,-0.0023,-0.0016,-0.0007,,1.1758,1.1732,1.1707,1.1656,1.1631,1.1605,,1.1815,1.1673,1.1531,,21.4,18.8,53.23,100,78.64,,20.3,19.7,50.75,↑,,-38.4,-18.8,-0.0029,,46,0,181.45,226.39,255.56,318.86,11,18,,1.1637,1.1731,1.1684,1.1731,1.1688,1.1684,1.1731
2025-10-17,1.1686,1.1729,1.165,1.1651,-0.0035,0.0043,0.0001,,-0.0002,0,-0.32,,189209,1740515,158651,,79,72,6.02,1.182,1.1686,1.1553,,1.1677,2,0.25,,1.1686,1.1692,,1.1649,1.1655,1.1671,1.1677,1.167,,,-0.0022,-0.0017,-0.0005,,1.1782,1.1742,1.1703,1.1624,1.1585,1.1545,,1.1815,1.1671,1.1527,,19,20.8,47.74,78.27,86.51,,18.9,20.9,47.49,↓,,-54.01,-12.62,-0.0092,,35,0,203.49,210.22,282.63,291.97,2,17,,1.1635,1.1731,1.1683,1.1731,1.1651,1.1683,1.1731
2025-10-20,1.1667,1.1676,1.1638,1.1641,-0.0026,0.0009,0.0003,,0.0016,0,-0.09,,136716,1603799,159725,,38,70,5.7,1.1802,1.1678,1.1554,,1.1652,-25,0.6,,1.1678,1.1693,,1.1647,1.1653,1.1668,1.1674,1.1669,,,-0.0021,-0.0018,-0.0003,,1.1703,1.1684,1.1665,1.1627,1.1608,1.1589,,1.1808,1.1668,1.1528,,16.9,19.6,46.3,72.58,83.62,,17.6,20.1,46.68,↑,,-58.23,-38.17,-0.0072,,0,12,188.96,207.2,269.94,296,5,16,,1.1635,1.1731,1.1683,1.1731,1.1641,1.1683,1.1731
2025-10-21,1.1643,1.1655,1.1598,1.16,-0.0043,0.0012,0.0002,,0.0002,0,-0.35,,167947,1435852,161133,,57,69,5.75,1.1779,1.1667,1.1556,,1.1618,-34,-0.07,,1.1667,1.1692,,1.1638,1.1645,1.1662,1.1669,1.1666,,,-0.0024,-0.0019,-0.0005,,1.1694,1.1666,1.1637,1.158,1.1551,1.1523,,1.18,1.1662,1.1524,,15,22,40.54,49.78,66.88,,16.3,21.6,43.01,↓,,-73.27,-74.97,-0.0059,,0,40,175.46,232.4,254.29,336.81,14,16,,1.1635,1.1731,1.1683,1.1731,1.16,1.1683,1.1731
2025-10-22,1.16,1.1623,1.1577,1.161,0.001,0.0013,0.0023,,0,0,0.09,,145357,1581209,161137,,46,67,5.38,1.177,1.1661,1.1552,,1.1603,-15,-0.32,,1.1661,1.169,,1.1632,1.164,1.1657,1.1665,1.1664,,,-0.0025,-0.002,-0.0005,,1.1676,1.1653,1.163,1.1584,1.1561,1.1538,,1.1791,1.1657,1.1523,,14.4,19.6,42.35,42.98,55.11,,15.9,20.1,44.17,↑,,-68.66,-84.6,-0.0018,,0,21,162.93,236.8,243.18,353.43,18,16,,1.1635,1.1731,1.1683,1.1731,1.161,1.1683,1.1731
2025-10-23,1.1612,1.162,1.1585,1.1618,0.0006,0.0002,0.0027,,0.0002,1,0.07,,111400,1692609,158643,,35,65,4.97,1.1769,1.1659,1.1548,,1.1608,5,-0.6,,1.1659,1.1689,,1.1629,1.1637,1.1653,1.1662,1.1662,,,-0.0025,-0.0021,-0.0004,,1.1665,1.1648,1.163,1.1595,1.1578,1.156,,1.1783,1.1653,1.1523,,13.7,17.4,44.05,51.89,48.22,,15.3,18.7,45,↓,,-59.79,-70.5,0.0053,,0,0,151.29,219.89,232.75,338.29,18,16,,1.1635,1.1695,1.1665,1.1731,1.1618,1.1665,1.1731
2025-10-24,1.1617,1.165,1.1601,1.1625,0.0008,0.0025,0.0016,,-0.0001,0,0.06,,140618,1833227,158014,,49,64,4.84,1.1764,1.1655,1.1545,,1.1625,17,-0.22,,1.1655,1.1687,,1.1628,1.1635,1.165,1.1659,1.1661,,,-0.0024,-0.0022,-0.0002,,1.1699,1.1675,1.165,1.1601,1.1576,1.1552,,1.1778,1.165,1.1522,,13,15.5,45.61,39.95,44.94,,14.7,17.4,45.79,↑,,-55.61,-42.05,0.0003,,30,0,170.48,204.18,266.38,319.03,9,16,,1.1635,1.1681,1.1658,1.1731,1.1625,1.1658,1.1731
2025-10-27,1.1636,1.1652,1.1618,1.1645,0.0009,0.0007,0.0018,,0.0011,0,0.17,,114010,1947237,157129,,34,62,4.8,1.1755,1.1651,1.1546,,1.1638,13,0.03,,1.1651,1.1687,,1.1631,1.1637,1.165,1.1658,1.166,,,-0.0021,-0.0022,0.0001,,1.1693,1.1676,1.1659,1.1625,1.1608,1.1591,,1.1774,1.165,1.1526,,13.8,13.8,50,74.55,55.46,,15.1,16.2,48.24,↓,,-44.92,-19.48,0.0074,,2,0,160.3,189.6,258.55,305.81,8,15,,1.1653,1.1681,1.1667,1.1731,1.1645,1.1667,1.1731
2025-10-28,1.1646,1.1669,1.1626,1.1652,0.0006,0.0017,0.002,,0.0001,0,0.06,,126116,2073353,156187,,43,61,4.8,1.1744,1.1647,1.1549,,1.1649,11,0.45,,1.1647,1.1687,,1.1635,1.1639,1.165,1.1658,1.166,,,-0.0019,-0.0021,0.0002,,1.1715,1.1694,1.1672,1.1629,1.1608,1.1586,,1.1772,1.165,1.1528,,13,12.3,51.38,85.42,66.64,,14.5,15,49.15,↑,,-41.18,3.13,0.0044,,17,0,165.85,176.06,271.89,288.62,3,14,,1.1653,1.1681,1.1667,1.1731,1.1652,1.1667,1.1731
2025-10-29,1.1651,1.1666,1.1578,1.1601,-0.005,0.0015,0.0023,,-0.0001,0,-0.44,,179070,1894283,155140,,88,63,5.01,1.1731,1.164,1.1549,,1.1615,-34,-0.08,,1.164,1.1686,,1.1628,1.1633,1.1645,1.1654,1.1658,,,-0.0021,-0.0021,0,,1.174,1.1696,1.1652,1.1564,1.152,1.1476,,1.1771,1.1645,1.1519,,11.6,16.6,41.13,5.44,55.14,,13.5,17.6,43.41,↓,,-68.45,-48.05,-0.0046,,0,48,154,211.48,244.44,335.68,16,14,,1.1653,1.1681,1.1667,1.1731,1.1601,1.1667,1.1731
2025-10-30,1.1601,1.1637,1.1547,1.1565,-0.0036,0.0036,0.0018,,0,0,-0.31,,157038,1737245,156091,,90,65,5.09,1.1722,1.1633,1.1543,,1.1583,-32,-0.46,,1.1633,1.1685,,1.1615,1.1623,1.1637,1.1647,1.1654,,,-0.0024,-0.0022,-0.0002,,1.1709,1.1664,1.1619,1.1529,1.1484,1.1439,,1.1767,1.1637,1.1507,,10.3,18.8,35.4,0,30.29,,12.5,18.9,39.81,↑,,-87.7,-102.6,-0.0123,,0,31,143,227.37,220,349.8,23,15,,1.1612,1.166,1.1636,1.1731,1.1565,1.1636,1.1731
2025-10-31,1.1567,1.1578,1.1522,1.1536,-0.0031,0.0011,0.0014,,0.0002,0,-0.25,,122525,1614720,155877,,56,64,5.01,1.1706,1.1622,1.1538,,1.1545,-38,-0.77,,1.1622,1.1682,,1.1599,1.161,1.1627,1.1639,1.1649,,,-0.0029,-0.0023,-0.0006,,1.1625,1.1597,1.1569,1.1513,1.1485,1.1457,,1.1755,1.1627,1.1499,,9.2,19.9,31.62,0,1.81,,11.6,19.6,37.18,↓,,-93.24,-171.04,-0.0115,,0,25,132.79,236.13,207.48,368.95,28,16,,1.1595,1.1651,1.1623,1.1721,1.1536,1.1623,1.1721
2025-11-03,1.1532,1.1541,1.1505,1.1519,-0.0013,0.0009,0.0014,,-0.0004,0,-0.15,,122621,1492099,153073,,36,62,4.98,1.1697,1.1613,1.1528,,1.1522,-23,-1.08,,1.1613,1.168,,1.1583,1.1596,1.1617,1.163,1.1644,,,-0.0034,-0.0025,-0.0009,,1.1574,1.1556,1.1538,1.1502,1.1484,1.1466,,1.1741,1.1617,1.1493,,8.2,19.6,29.5,0,0,,10.8,19.4,35.76,↑,,-93.75,-198.31,-0.0122,,0,17,123.31,236.26,198.89,381.06,31,17,,1.1587,1.1642,1.1614,1.1712,1.1519,1.1614,1.1712
2025-11-04,1.152,1.1534,1.1473,1.1483,-0.0037,0.0014,0.001,,0.0001,0,-0.31,,118115,1373984,152120,,61,62,4.85,1.1702,1.1604,1.1505,,1.1497,-25,-1.45,,1.1604,1.1676,,1.1563,1.1579,1.1604,1.1619,1.1638,,,-0.004,-0.0028,-0.0012,,1.1581,1.1551,1.152,1.1459,1.1429,1.1398,,1.1728,1.1604,1.148,,7.3,21.4,25.44,0,0,,10,20.6,32.68,↓,,-96.09,-211.81,-0.0117,,0,32,114.5,251.38,184.68,405.45,37,18,,1.1571,1.1626,1.1599,1.1696,1.1483,1.1599,1.1696
2025-11-05,1.1483,1.1498,1.1469,1.1493,0.001,0.0005,0.0014,,0,0,0.09,,115551,1489535,149986,,29,60,4.83,1.1706,1.1597,1.1488,,1.1487,-10,-0.93,,1.1597,1.1674,,1.1549,1.1566,1.1593,1.161,1.1632,,,-0.0044,-0.0031,-0.0013,,1.1533,1.1519,1.1504,1.1475,1.1461,1.1446,,1.1713,1.1593,1.1473,,7.6,19,28.57,12.07,4.02,,10,19.1,34.36,↑,,-90.77,-186.83,-0.0117,,0,4,106.32,237.42,177.2,395.7,38,19,,1.1569,1.1624,1.1597,1.1694,1.1493,1.1597,1.1694
2025-11-06,1.1491,1.1552,1.1491,1.1547,0.0056,0.0005,0,,-0.0002,0,0.47,,116103,1605638,146600,,61,60,4.82,1.1706,1.1596,1.1486,,1.153,43,-0.16,,1.1596,1.1671,,1.1549,1.1563,1.1589,1.1605,1.1629,,,-0.0042,-0.0033,-0.0009,,1.163,1.16,1.1569,1.1508,1.1478,1.1447,,1.1709,1.1589,1.1469,,12.8,16.9,43.1,68.08,26.72,,13.1,17.7,42.53,↓,,-62.32,-102.09,-0.0071,,54,0,152.73,220.46,254.55,367.43,18,19,,1.1569,1.1614,1.1591,1.1694,1.1547,1.1591,1.1694
2025-11-07,1.1545,1.1591,1.153,1.1566,0.0021,0.0025,0.0015,,-0.0002,0,0.16,,112544,1718182,143301,,61,60,4.5,1.1704,1.1593,1.1483,,1.1562,32,0.26,,1.1593,1.1668,,1.1552,1.1563,1.1587,1.1602,1.1627,,,-0.0039,-0.0034,-0.0005,,1.1656,1.1626,1.1595,1.1534,1.1504,1.1473,,1.1707,1.1587,1.1467,,13.5,15,47.37,84.54,54.9,,13.5,16.4,45.15,↑,,-51.5,-47.7,-0.0059,,39,0,180.82,204.71,301.37,341.18,6,18,,1.1569,1.1614,1.1591,1.1694,1.1566,1.1591,1.1694
2025-11-10,1.1558,1.1583,1.1541,1.1557,-0.0001,0.0025,0.0016,,-0.0008,1,-0.08,,110114,1608068,141332,,42,59,4.23,1.1704,1.1593,1.1481,,1.156,-2,0.33,,1.1593,1.1665,,1.1553,1.1562,1.1584,1.1599,1.1624,,,-0.0037,-0.0035,-0.0002,,1.1622,1.1601,1.158,1.1538,1.1517,1.1496,,1.1702,1.1584,1.1466,,12,14.3,45.63,92.07,81.56,,12.5,15.9,44.01,↓,,-56,-47.24,-0.0088,,0,0,167.9,190.09,284.58,322.19,6,17,,1.1568,1.16,1.1584,1.1694,1.1557,1.1584,1.1694
2025-11-11,1.1556,1.1606,1.1547,1.1583,0.0027,0.0023,0.0009,,-0.0001,0,0.22,,105552,1713620,136707,,59,59,4.15,1.1702,1.1591,1.148,,1.1579,19,0.87,,1.1591,1.1664,,1.1559,1.1565,1.1584,1.1598,1.1622,,,-0.0033,-0.0035,0.0002,,1.1669,1.164,1.161,1.1551,1.1522,1.1492,,1.1702,1.1584,1.1466,,13.6,12.7,51.71,100,92.2,,13.5,14.8,47.7,↑,,-43,-20.06,-0.0069,,23,0,178.91,176.51,303.24,299.17,1,16,,1.1553,1.1599,1.1576,1.1694,1.1583,1.1576,1.1694
2025-11-12,1.1587,1.1598,1.1563,1.1593,0.0006,0.0005,0.0024,,0.0004,1,0.09,,100806,1814426,133541,,35,57,3.96,1.1697,1.1589,1.1481,,1.1585,6,0.87,,1.1589,1.1663,,1.1566,1.1569,1.1585,1.1598,1.1621,,,-0.0029,-0.0034,0.0005,,1.1641,1.1624,1.1606,1.1571,1.1553,1.1536,,1.1699,1.1585,1.1471,,13.2,11.3,53.88,100,97.36,,13.2,13.7,49.07,↓,,-38,-8.47,-0.0008,,0,0,166.13,163.9,291.46,287.54,1,15,,1.1538,1.1599,1.1569,1.1694,1.1593,1.1569,1.1694
2025-11-13,1.1593,1.1656,1.1579,1.1635,0.0042,0.0021,0.0014,,0,0,0.36,,124591,1939017,130800,,77,58,3.98,1.1687,1.1586,1.1485,,1.1623,38,0.76,,1.1586,1.1662,,1.158,1.1579,1.159,1.1601,1.1622,,,-0.0022,-0.0032,0.001,,1.1745,1.1707,1.1668,1.1591,1.1553,1.1514,,1.1706,1.159,1.1474,,16.4,10,62.12,100,100,,15.3,12.7,54.64,↑,,-17,55.07,0.007,,58,0,212.26,152.19,365.97,262.4,16,15,,1.1563,1.1599,1.1581,1.1694,1.1635,1.1581,1.1694
2025-11-14,1.1637,1.1654,1.1606,1.1622,-0.0015,0.0017,0.0016,,0.0002,1,-0.11,,143188,1795829,128499,,48,57,3.84,1.1682,1.1585,1.1487,,1.1627,4,0.48,,1.1585,1.1661,,1.1588,1.1586,1.1593,1.1603,1.1622,,,-0.0017,-0.0029,0.0012,,1.1697,1.1673,1.1649,1.1601,1.1577,1.1553,,1.1707,1.1593,1.1479,,14.6,10.3,58.63,90.49,96.83,,14.2,12.7,52.79,↓,,-23.5,69.08,0.0086,,0,0,197.1,141.32,345.79,247.93,16,15,,1.1563,1.1599,1.1581,1.1694,1.1622,1.1581,1.1694
2025-11-17,1.162,1.1625,1.1582,1.1592,-0.0028,0.0005,0.001,,-0.0002,0,-0.26,,100030,1695799,126665,,43,56,3.93,1.1676,1.1582,1.1488,,1.16,-27,0.3,,1.1582,1.1657,,1.1589,1.1587,1.1593,1.1602,1.1621,,,-0.0015,-0.0026,0.0011,,1.166,1.1639,1.1617,1.1574,1.1553,1.1531,,1.1705,1.1593,1.1481,,13,12.5,50.98,66.8,85.76,,13.2,13.9,48.71,↑,,-37.56,29.53,0.0073,,0,24,183.02,155.23,326.82,277.2,8,15,,1.1563,1.1599,1.1581,1.1694,1.1592,1.1581,1.1694
2025-11-18,1.1592,1.1608,1.1571,1.1581,-0.0011,0.0016,0.001,,0,0,-0.09,,117651,1578148,124150,,37,55,3.74,1.1675,1.1581,1.1487,,1.1587,-13,-0.02,,1.1581,1.1655,,1.1587,1.1586,1.1592,1.16,1.1619,,,-0.0014,-0.0024,0.001,,1.1639,1.162,1.1602,1.1565,1.1547,1.1528,,1.1702,1.1592,1.1482,,11.6,12.3,48.54,28.6,61.96,,12.3,13.7,47.31,↓,,-40.11,9.8,0.0098,,0,11,169.95,155.14,309,282.07,5,14,,1.1574,1.1599,1.1587,1.1694,1.1581,1.1587,1.1694
2025-11-19,1.1582,1.1598,1.1518,1.1538,-0.0044,0.0016,0.002,,0.0001,0,-0.37,,127769,1450379,123271,,80,57,3.94,1.1672,1.1578,1.1483,,1.1551,-36,-0.47,,1.1578,1.1651,,1.1577,1.1579,1.1587,1.1595,1.1616,,,-0.0016,-0.0022,0.0006,,1.1665,1.1625,1.1585,1.1505,1.1465,1.1425,,1.1701,1.1587,1.1473,,10.3,15.7,39.62,0,31.8,,11.4,15.8,41.91,↑,,-63.1,-48.58,0.0045,,0,53,157.81,197.06,276.86,345.72,11,14,,1.1587,1.1599,1.1593,1.1694,1.1538,1.1593,1.1694
2025-11-20,1.1539,1.155,1.1502,1.1529,-0.001,0.0011,0.0027,,0.0001,0,-0.08,,148594,1301785,125130,,48,56,3.92,1.1668,1.1573,1.1478,,1.1527,-24,-0.91,,1.1573,1.1647,,1.1567,1.1571,1.1581,1.159,1.1613,,,-0.0019,-0.0021,0.0002,,1.16,1.1576,1.1552,1.1504,1.148,1.1456,,1.1693,1.1581,1.1469,,9.2,15,38.02,0,9.53,,10.6,15.3,40.93,↓,,-67.91,-81.35,-0.0018,,0,16,146.54,198.98,261.68,355.32,15,14,,1.1579,1.1599,1.1589,1.1694,1.1529,1.1589,1.1694
2025-11-21,1.1528,1.1553,1.1491,1.1513,-0.0015,0.0025,0.0022,,-0.0001,0,-0.14,,149797,1151988,125589,,62,56,3.92,1.1663,1.1568,1.1472,,1.1519,-8,-0.94,,1.1568,1.1643,,1.1556,1.1562,1.1575,1.1584,1.1609,,,-0.0022,-0.0021,-0.0001,,1.1609,1.1578,1.1547,1.1485,1.1454,1.1423,,1.1687,1.1575,1.1463,,8.2,15.1,35.19,0,0,,9.8,15.4,38.89,↑,,-76.47,-85.4,-0.0053,,0,11,136.07,195.77,242.98,349.59,18,14,,1.1574,1.1599,1.1587,1.1694,1.1513,1.1587,1.1694
2025-11-24,1.1519,1.1551,1.1502,1.1522,0.0003,0.0029,0.0017,,0.0006,1,0.08,,102704,1254692,125024,,49,56,3.87,1.1652,1.1561,1.1471,,1.1525,6,-0.6,,1.1561,1.1638,,1.1549,1.1556,1.157,1.1579,1.1606,,,-0.0023,-0.0021,-0.0002,,1.1597,1.1572,1.1548,1.1499,1.1475,1.145,,1.1682,1.157,1.1458,,8.3,13.4,38.25,11.36,3.79,,9.7,14.3,40.42,↓,,-71.66,-68.75,-0.0035,,0,0,126.35,181.79,225.63,324.63,18,14,,1.1574,1.1572,1.1573,1.1694,1.1522,1.1573,1.1694
2025-11-25,1.1522,1.1586,1.1512,1.157,0.0048,0.0016,0.001,,0,0,0.42,,138127,1392819,125625,,74,57,4.2,1.1637,1.1557,1.1477,,1.1556,31,-0.09,,1.1557,1.1632,,1.1553,1.1558,1.157,1.1578,1.1605,,,-0.002,-0.0021,0.0001,,1.1674,1.1637,1.16,1.1526,1.1489,1.1452,,1.1684,1.157,1.1456,,12.7,11.9,51.63,61.05,24.14,,12.4,13.3,48.25,↑,,-52.12,-6.01,-0.0013,,35,0,152.32,168.81,267.23,296.16,5,13,,1.1574,1.1569,1.1572,1.1694,1.157,1.1572,1.1694
2025-11-26,1.1571,1.1601,1.1547,1.1596,0.0025,0.0005,0.0024,,0.0001,0,0.22,,149318,1542137,124137,,54,57,4.01,1.1637,1.1557,1.1477,,1.1581,25,0.5,,1.1557,1.1628,,1.1562,1.1564,1.1572,1.1579,1.1605,,,-0.0015,-0.002,0.0005,,1.167,1.1643,1.1616,1.1562,1.1535,1.1508,,1.1686,1.1572,1.1458,,14.2,10.6,57.26,94.16,55.52,,13.4,12.4,51.94,↓,,-36.36,50.97,0.0003,,15,0,156.44,156.75,274.46,275,0,12,,1.1572,1.1569,1.1571,1.1694,1.1596,1.1571,1.1694
2025-11-27,1.1594,1.1614,1.1577,1.1596,0.0002,0.0018,0.0017,,-0.0002,0,0,,78897,1542137,120230,,37,56,3.84,1.164,1.1559,1.1477,,1.1596,15,0.58,,1.1559,1.1624,,1.1569,1.1569,1.1574,1.158,1.1605,,,-0.0011,-0.0018,0.0007,,1.1651,1.1633,1.1614,1.1577,1.1559,1.154,,1.1686,1.1574,1.1462,,12.6,9.4,57.27,100,85.07,,12.4,11.5,51.88,↑,,-36.36,78.45,-0.0039,,13,0,158.27,145.55,282.63,259.91,4,11,,1.1558,1.1569,1.1564,1.1694,1.1596,1.1564,1.1694
2025-11-28,1.1596,1.1608,1.1555,1.1599,0.0003,0.0009,0.0041,,0,0,0.03,,199093,1741230,124058,,53,56,3.71,1.1644,1.1562,1.1479,,1.1587,-9,0.75,,1.1562,1.1621,,1.1575,1.1574,1.1576,1.1581,1.1605,,,-0.0007,-0.0016,0.0009,,1.1673,1.1647,1.162,1.1567,1.1541,1.1514,,1.1688,1.1576,1.1464,,11.5,8.4,57.79,100,98.05,,11.7,10.7,52.23,↓,,-34.55,55.66,-0.0023,,0,22,146.97,157.15,262.45,280.63,3,10,,1.1553,1.1569,1.1561,1.1659,1.1599,1.1561,1.1659
2025-12-01,1.1594,1.1653,1.1589,1.1609,0.0015,0.0044,0.0005,,-0.0005,0,0.09,,139761,1880991,124915,,64,57,3.65,1.1649,1.1566,1.1484,,1.1617,30,0.76,,1.1566,1.1617,,1.1582,1.1579,1.1579,1.1583,1.1605,,,-0.0004,-0.0014,0.001,,1.1709,1.1677,1.1645,1.1581,1.1549,1.1517,,1.1693,1.1579,1.1465,,11.3,7.5,60.11,100,100,,11.6,9.9,53.95,↑,,-28.48,104.3,0.0017,,45,0,181.47,145.93,318.37,256.02,11,10,,1.1572,1.1569,1.1571,1.1645,1.1609,1.1571,1.1645
2025-12-02,1.161,1.1626,1.1591,1.1625,0.0015,0.0001,0.0019,,0.0001,1,0.14,,104877,1985868,124253,,35,55,3.42,1.165,1.1573,1.1496,,1.1614,-3,0.48,,1.1573,1.1613,,1.1591,1.1586,1.1583,1.1586,1.1606,,,0,-0.0011,0.0011,,1.1672,1.1654,1.1637,1.1602,1.1585,1.1567,,1.1693,1.1583,1.1473,,11.8,6.7,63.78,100,100,,11.9,9.2,56.4,↓,,-18.79,90.75,0.0044,,0,0,168.51,135.51,306.38,246.38,11,10,,1.1572,1.1569,1.1571,1.1645,1.1625,1.1571,1.1645
2025-12-03,1.1624,1.1678,1.1621,1.1671,0.0047,0.0007,0.0003,,-0.0001,0,0.4,,117229,2103097,124337,,57,55,3.62,1.1661,1.1582,1.1503,,1.1657,43,0.65,,1.1582,1.1612,,1.1607,1.1599,1.1591,1.1592,1.1609,,,0.0007,-0.0007,0.0014,,1.1749,1.1721,1.1692,1.1635,1.1607,1.1578,,1.1701,1.1591,1.1481,,15.6,6,72.22,100,100,,14.3,8.5,62.72,↑,,-3.74,170.61,0.0133,,52,0,208.47,125.83,379.04,228.78,25,11,,1.1585,1.1574,1.158,1.1645,1.1671,1.158,1.1645
2025-12-04,1.1672,1.1682,1.1641,1.1645,-0.0027,0.001,0.0004,,0.0001,0,-0.22,,118830,1984267,124474,,41,54,3.46,1.1669,1.1587,1.1505,,1.1656,-1,0.42,,1.1587,1.1612,,1.1615,1.1606,1.1596,1.1596,1.161,,,0.001,-0.0004,0.0014,,1.1712,1.1692,1.1671,1.163,1.161,1.1589,,1.1704,1.1596,1.1488,,13.9,8.2,62.9,72.56,90.85,,13.3,9.7,57.83,↓,,-19.37,152.18,0.0116,,4,0,197.58,116.84,365.89,216.37,26,12,,1.1592,1.1576,1.1584,1.1644,1.1645,1.1584,1.1644
2025-12-05,1.1646,1.1672,1.1628,1.1644,-0.0002,0.0026,0.0016,,0.0001,0,-0.01,,110152,1874115,124354,,44,53,3.43,1.1676,1.1591,1.1506,,1.1648,-8,0.39,,1.1591,1.161,,1.1621,1.1612,1.1601,1.16,1.1611,,,0.0012,-0.0001,0.0013,,1.1712,1.169,1.1668,1.1624,1.1602,1.158,,1.1707,1.1601,1.1495,,12.4,7.4,62.63,53.42,75.33,,12.4,9.1,57.67,↑,,-19.9,117.71,0.0131,,0,13,183.47,121.49,346.17,229.23,20,13,,1.1597,1.1576,1.1587,1.1624,1.1644,1.1587,1.1624
2025-12-08,1.164,1.1672,1.1617,1.1637,-0.0003,0.0032,0.002,,-0.0004,0,-0.06,,121539,1752576,124925,,55,53,3.42,1.168,1.1595,1.151,,1.1642,-6,0.24,,1.1595,1.1609,,1.1624,1.1616,1.1604,1.1603,1.1612,,,0.0013,0.0002,0.0011,,1.1722,1.1694,1.1667,1.1612,1.1585,1.1557,,1.171,1.1604,1.1498,,11,7.4,59.78,16.84,47.61,,11.5,9,56.1,↓,,-23.56,94.08,0.0115,,0,11,170.37,123.81,321.45,233.6,16,13,,1.1614,1.1576,1.1595,1.1624,1.1637,1.1595,1.1624
2025-12-09,1.1635,1.1657,1.1615,1.1627,-0.0008,0.0022,0.0012,,-0.0002,0,-0.09,,109990,1642586,125147,,42,52,3.37,1.1684,1.1597,1.1511,,1.1633,-9,0.02,,1.1597,1.1607,,1.1625,1.1618,1.1606,1.1605,1.1613,,,0.0013,0.0004,0.0009,,1.1693,1.1672,1.1651,1.1609,1.1588,1.1567,,1.171,1.1606,1.1502,,9.8,7.7,56,0,23.42,,10.7,9.1,54.04,↑,,-28.8,69.13,0.0057,,0,2,158.2,116.97,304.23,224.94,15,13,,1.1618,1.1576,1.1597,1.1624,1.1627,1.1597,1.1624
2025-12-10,1.1628,1.17,1.1622,1.1696,0.0068,0.0004,0.0006,,0.0001,0,0.59,,141057,1783643,127160,,78,54,3.93,1.1699,1.1602,1.1506,,1.1673,40,0.21,,1.1602,1.1606,,1.1639,1.163,1.1615,1.1612,1.1616,,,0.0018,0.0007,0.0011,,1.1801,1.1762,1.1723,1.1645,1.1606,1.1567,,1.1723,1.1615,1.1507,,16.4,6.8,70.69,90.57,35.8,,14.9,8.5,63.68,↓,,-1.91,125.65,0.01,,43,0,189.9,108.62,351.67,201.15,27,14,,1.1628,1.1585,1.1607,1.1624,1.1696,1.1607,1.1624
2025-12-11,1.1693,1.1763,1.1682,1.1739,0.0046,0.0024,0.0011,,-0.0003,0,0.37,,118970,1902613,126879,,81,56,3.94,1.172,1.1608,1.1495,,1.1728,55,0.81,,1.1608,1.1606,,1.1659,1.1647,1.1627,1.1621,1.1621,,,0.0026,0.0011,0.0015,,1.1855,1.1814,1.1774,1.1693,1.1652,1.1612,,1.1739,1.1627,1.1515,,19.4,6,76.38,100,63.52,,16.9,7.9,68.15,↑,,-9.2,187.63,0.0143,,63,0,239.34,100.86,427.39,180.11,41,16,,1.1676,1.1627,1.1652,1.1624,1.1739,1.1652,1.1624
2025-12-12,1.1739,1.175,1.172,1.174,0.0001,0.001,0.0019,,0,1,0.01,,101244,2003857,124781,,30,54,3.9,1.174,1.1613,1.1487,,1.1737,9,0.82,,1.1613,1.1606,,1.1675,1.1661,1.1638,1.163,1.1626,,,0.0031,0.0015,0.0016,,1.1783,1.1768,1.1753,1.1723,1.1708,1.1693,,1.1746,1.1638,1.153,,17.4,5.3,76.65,100,96.86,,15.8,7.3,68.4,↓,,-9.16,170.96,0.0141,,0,0,222.24,93.66,411.56,173.44,41,18,,1.1677,1.1627,1.1652,1.1616,1.174,1.1652,1.1616
2025-12-15,1.1733,1.1769,1.1727,1.1754,0.0021,0.0015,0.0006,,-0.0007,0,0.12,,98726,2102583,124716,,42,53,3.73,1.1762,1.1622,1.1481,,1.175,13,1.01,,1.1622,1.1607,,1.1691,1.1675,1.1649,1.1639,1.1631,,,0.0036,0.0019,0.0017,,1.1815,1.1794,1.1773,1.1731,1.171,1.1689,,1.1755,1.1649,1.1543,,17,4.7,78.34,100,100,,15.7,6.8,69.78,↑,,-6.76,158.44,0.0145,,19,0,225.37,86.97,425.23,164.09,44,20,,1.1692,1.163,1.1661,1.1619,1.1754,1.1661,1.1619
2025-12-16,1.1752,1.1804,1.1735,1.1748,-0.0004,0.0052,0.0013,,-0.0002,0,-0.05,,127187,1975396,125193,,69,54,3.71,1.1779,1.163,1.1481,,1.1762,12,1.04,,1.163,1.1609,,1.1702,1.1686,1.1658,1.1647,1.1636,,,0.0039,0.0023,0.0016,,1.1859,1.1825,1.179,1.1721,1.1687,1.1652,,1.1766,1.1658,1.155,,15.1,4.8,75.88,88.99,96.33,,14.6,6.7,68.54,↓,,-22.49,147.88,0.0123,,35,0,244.27,80.76,452.35,149.56,50,22,,1.171,1.1648,1.1679,1.1637,1.1748,1.1679,1.1637
2025-12-17,1.1748,1.1758,1.1703,1.174,-0.0008,0.001,0.0037,,0,0,-0.07,,115847,1859549,124597,,55,54,3.37,1.179,1.164,1.149,,1.1734,-28,0.38,,1.164,1.1611,,1.171,1.1694,1.1666,1.1654,1.164,,,0.004,0.0026,0.0014,,1.1819,1.1792,1.1764,1.1709,1.1682,1.1654,,1.1774,1.1666,1.1558,,13.4,5.2,72.04,71.8,86.93,,13.6,6.8,66.67,↑,,-25.7,104.66,0.0069,,0,32,226.82,106.99,420.04,198.13,36,23,,1.171,1.1648,1.1679,1.1637,1.174,1.1679,1.1637
2025-12-18,1.1741,1.1763,1.1712,1.1724,-0.0017,0.0022,0.0012,,0.0001,0,-0.14,,124575,1734974,123396,,51,54,3.41,1.1795,1.165,1.1504,,1.1733,-1,-0.13,,1.165,1.1614,,1.1713,1.1699,1.1672,1.1659,1.1643,,,0.004,0.0029,0.0011,,1.1805,1.178,1.1754,1.1703,1.1677,1.1652,,1.178,1.1672,1.1564,,11.9,6.4,65.03,40.42,67.07,,12.6,7.5,62.69,↓,,-37.21,94.62,0.0079,,5,0,215.62,99.35,399.3,183.98,37,24,,1.171,1.1648,1.1679,1.1637,1.1724,1.1679,1.1637
2025-12-19,1.172,1.1738,1.1702,1.171,-0.001,0.0018,0.0008,,-0.0004,0,-0.12,,103814,1631160,121097,,36,53,3.39,1.1793,1.166,1.1526,,1.1717,-16,-0.26,,1.166,1.1616,,1.1712,1.1701,1.1676,1.1663,1.1646,,,0.0038,0.0031,0.0007,,1.1767,1.1749,1.1731,1.1695,1.1677,1.1659,,1.1782,1.1676,1.157,,10.6,7.2,59.55,15.89,42.7,,11.7,8,59.39,↑,,-44.13,68.89,0.0066,,0,10,200.22,102.25,377.77,192.92,32,25,,1.171,1.1648,1.1679,1.1637,1.171,1.1679,1.1637
2025-12-22,1.172,1.1769,1.1706,1.1762,0.0042,0.0007,0.0014,,0.001,0,0.44,,88226,1719386,120373,,63,54,3.62,1.1796,1.1672,1.1547,,1.1746,29,0.07,,1.1672,1.162,,1.1722,1.171,1.1684,1.167,1.1651,,,0.004,0.0033,0.0007,,1.1848,1.1817,1.1785,1.1722,1.1691,1.1659,,1.1792,1.1684,1.1576,,15.2,6.4,70.37,57.58,37.96,,14.6,7.4,66.36,↓,,-22.22,91.45,0.0125,,31,0,216.92,94.95,401.7,175.83,39,26,,1.1713,1.1648,1.1681,1.1637,1.1762,1.1681,1.1637
2025-12-23,1.1758,1.1802,1.1757,1.1793,0.0035,0.0009,0.0001,,-0.0004,0,0.26,,101720,1821106,118553,,45,53,3.49,1.1809,1.1683,1.1557,,1.1784,38,0.38,,1.1683,1.1624,,1.1736,1.1723,1.1694,1.1679,1.1657,,,0.0044,0.0035,0.0009,,1.1856,1.1833,1.1811,1.1766,1.1744,1.1721,,1.18,1.1694,1.1588,,17,5.7,74.89,81.64,51.7,,15.8,6.9,69.6,↑,,-5.82,121.4,0.0166,,33,0,234.43,88.17,442.32,166.36,45,27,,1.1743,1.1648,1.1696,1.1637,1.1793,1.1696,1.1637
2025-12-24,1.1793,1.1808,1.1773,1.1777,-0.0016,0.0015,0.0004,,0,0,-0.14,,89162,1731944,115545,,35,52,3.54,1.1817,1.1692,1.1566,,1.1786,2,0.32,,1.1692,1.1626,,1.1744,1.1731,1.1702,1.1686,1.1662,,,0.0045,0.0037,0.0008,,1.1834,1.1816,1.1799,1.1764,1.1747,1.1729,,1.1806,1.1702,1.1598,,15.1,6.8,68.95,50.03,63.08,,14.7,7.6,65.92,↓,,-16.06,111.05,0.0081,,6,0,223.69,81.87,430.17,157.44,46,28,,1.1755,1.165,1.1703,1.1639,1.1777,1.1703,1.1639
2025-12-26,1.1781,1.1797,1.1762,1.1771,-0.001,0.0016,0.0009,,0.0004,0,-0.05,,120234,1611710,117612,,35,51,3.56,1.1823,1.1701,1.1578,,1.1777,-9,0.4,,1.1701,1.1628,,1.1749,1.1737,1.1709,1.1692,1.1666,,,0.0045,0.0039,0.0006,,1.1826,1.1809,1.1791,1.1756,1.1738,1.1721,,1.1811,1.1709,1.1607,,13.4,6.7,66.67,37.89,56.52,,13.7,7.5,64.62,↑,,-19.17,91.84,0.0032,,0,11,207.71,87.02,407.27,170.63,41,29,,1.1755,1.165,1.1703,1.1639,1.1771,1.1703,1.1639
2025-12-29,1.1768,1.1789,1.1749,1.1773,0.0005,0.0016,0.0019,,-0.0003,0,0.02,,110334,1722044,113174,,40,50,3.57,1.1826,1.1709,1.1593,,1.177,-7,0.54,,1.1709,1.163,,1.1754,1.1743,1.1715,1.1698,1.167,,,0.0045,0.004,0.0005,,1.1832,1.1812,1.1792,1.1752,1.1732,1.1712,,1.1815,1.1715,1.1615,,12.1,6,66.85,44.7,44.21,,12.9,7,64.82,↓,,-18.13,78.92,0.0033,,0,13,192.87,93.8,385.74,187.6,35,29,,1.1755,1.165,1.1703,1.1639,1.1773,1.1703,1.1639
2025-12-30,1.1771,1.178,1.1743,1.1748,-0.0023,0.0009,0.0005,,-0.0002,0,-0.21,,88253,1633791,110598,,37,49,3.71,1.1824,1.1716,1.1608,,1.1757,-13,-0.12,,1.1716,1.1632,,1.1753,1.1744,1.1718,1.1702,1.1673,,,0.0042,0.004,0.0002,,1.1808,1.179,1.1771,1.1734,1.1715,1.1697,,1.1816,1.1718,1.162,,10.8,8.1,57.14,0,27.53,,12,8.3,59.11,↑,,-32.26,57.75,-0.0006,,0,6,179.09,93.1,365.49,190,32,29,,1.1755,1.1655,1.1705,1.1639,1.1748,1.1705,1.1639
2025-12-31,1.1747,1.176,1.172,1.1746,-0.0001,0.0013,0.0026,,-0.0001,0,-0.02,,98217,1535574,110265,,40,48,3.7,1.1822,1.1722,1.1622,,1.1742,-15,-0.4,,1.1722,1.1635,,1.1752,1.1744,1.1721,1.1705,1.1676,,,0.0039,0.004,-0.0001,,1.1804,1.1784,1.1764,1.1724,1.1704,1.1684,,1.1817,1.1721,1.1625,,9.6,7.4,56.47,0,14.9,,11.1,7.8,58.73,↓,,-49.21,32.08,-0.0002,,0,23,166.3,109.45,346.46,228.02,21,28,,1.1755,1.166,1.1708,1.1639,1.1746,1.1708,1.1639
2026-01-02,1.175,1.1765,1.1713,1.172,-0.003,0.0015,0.0007,,0.0004,0,-0.22,,93358,1442216,109072,,52,48,3.59,1.1822,1.1725,1.1627,,1.1733,-9,-0.48,,1.1725,1.1638,,1.1746,1.174,1.1721,1.1706,1.1678,,,0.0034,0.0039,-0.0005,,1.1804,1.1778,1.1752,1.17,1.1674,1.1648,,1.1817,1.1721,1.1625,,8.5,9.5,47.22,0,0,,10.3,9.1,53.09,↑,,-83.02,12.77,-0.002,,0,7,154.42,108.63,321.71,226.31,17,27,,1.1755,1.1678,1.1717,1.1639,1.172,1.1717,1.1639
2026-01-05,1.1724,1.1729,1.1659,1.1722,-0.0002,0.0005,0.0063,,0.0004,0,0.02,,125056,1567272,109383,,70,50,3.47,1.1819,1.1729,1.1638,,1.1703,-30,-0.42,,1.1729,1.164,,1.1741,1.1737,1.1721,1.1707,1.168,,,0.003,0.0037,-0.0007,,1.1818,1.1783,1.1748,1.1678,1.1643,1.1608,,1.1821,1.1721,1.1621,,7.8,8.4,48.15,3.36,1.12,,9.7,8.5,53.3,↓,,-57.72,-46.32,-0.0002,,0,54,143.39,154.87,286.78,309.74,4,25,,1.1734,1.1682,1.1708,1.1639,1.1722,1.1708,1.1639
2026-01-06,1.1721,1.1743,1.1684,1.1689,-0.0032,0.0022,0.0005,,-0.0001,0,-0.28,,108979,1458293,109324,,59,51,3.65,1.1815,1.1731,1.1647,,1.1705,2,-0.71,,1.1731,1.1641,,1.1731,1.173,1.1718,1.1706,1.168,,,0.0024,0.0034,-0.001,,1.1786,1.1757,1.1727,1.1668,1.1639,1.1609,,1.182,1.1718,1.1616,,6.9,11.1,38.33,0,1.12,,9,10.2,46.88,↑,,-79.87,-53.74,-0.0021,,14,0,147.15,143.81,288.53,281.98,1,23,,1.1734,1.1682,1.1708,1.1639,1.1689,1.1708,1.1639
2026-01-07,1.1687,1.1703,1.1673,1.1676,-0.0011,0.0016,0.0003,,-0.0002,0,-0.11,,107541,1350752,108625,,30,50,3.67,1.1809,1.1733,1.1656,,1.1684,-21,-0.61,,1.1733,1.1641,,1.172,1.1722,1.1714,1.1704,1.168,,,0.0018,0.0031,-0.0013,,1.1725,1.171,1.1695,1.1665,1.165,1.1635,,1.1814,1.1714,1.1614,,6.1,11.3,35.06,0,1.12,,8.4,10.4,44.68,↓,,-88.59,-113.58,-0.0086,,0,11,136.64,144.54,273.28,289.08,3,22,,1.1734,1.1699,1.1717,1.1639,1.1676,1.1717,1.1639
2026-01-08,1.1675,1.1683,1.1643,1.1659,-0.0016,0.0008,0.0016,,-0.0001,0,-0.15,,92807,1257945,107765,,40,49,3.7,1.1803,1.1734,1.1666,,1.1662,-22,-0.74,,1.1734,1.1642,,1.1708,1.1712,1.1709,1.1701,1.1679,,,0.0011,0.0027,-0.0016,,1.172,1.17,1.168,1.164,1.162,1.16,,1.1807,1.1709,1.1611,,5.4,11.9,31.21,0,0,,7.8,10.9,41.71,↑,,-90.3,-178.92,-0.0134,,0,30,126.88,164.22,258.94,335.14,13,21,,1.172,1.17,1.171,1.1639,1.1659,1.171,1.1639
2026-01-09,1.1657,1.1662,1.1618,1.1636,-0.0021,0.0005,0.0018,,-0.0002,0,-0.2,,112872,1145073,106356,,44,49,3.07,1.1811,1.1731,1.1652,,1.1639,-23,-0.72,,1.1731,1.1642,,1.1694,1.17,1.1702,1.1696,1.1677,,,0.0004,0.0022,-0.0018,,1.1703,1.1681,1.1659,1.1615,1.1593,1.1571,,1.18,1.1702,1.1604,,4.8,13.1,26.82,0,0,,7.2,11.8,37.89,↓,,-90.53,-216.17,-0.0141,,0,25,117.82,177.49,240.45,362.22,20,21,,1.1704,1.1712,1.1708,1.1639,1.1636,1.1708,1.1639
2026-01-12,1.1633,1.1699,1.1622,1.1667,0.0034,0.0032,0.0011,,-0.0003,0,0.27,,106471,1251544,105731,,77,51,2.91,1.1812,1.1728,1.1644,,1.1663,24,-0.47,,1.1728,1.1644,,1.1689,1.1695,1.1699,1.1694,1.1677,,,0.0001,0.0018,-0.0017,,1.178,1.1742,1.1703,1.1626,1.1588,1.1549,,1.1801,1.1699,1.1597,,7.7,11.6,39.9,43.14,14.38,,8.9,11,44.72,↑,,-74.21,-133.64,-0.0104,,37,0,146.4,164.81,287.06,323.16,6,20,,1.1699,1.1712,1.1706,1.1639,1.1667,1.1706,1.1639
2026-01-13,1.167,1.1678,1.1634,1.1643,-0.0027,0.0008,0.0009,,0.0003,1,-0.21,,105917,1145627,105965,,44,51,2.97,1.1814,1.1723,1.1631,,1.1652,-11,-0.39,,1.1723,1.1647,,1.168,1.1687,1.1694,1.169,1.1676,,,-0.0003,0.0014,-0.0017,,1.1713,1.1691,1.1669,1.1625,1.1603,1.1581,,1.1796,1.1694,1.1592,,6.8,13,34.34,25.36,22.83,,8.3,11.9,41.09,↓,,-86.84,-130.16,-0.013,,0,0,135.94,153.04,266.55,300.08,6,19,,1.1692,1.1712,1.1702,1.1639,1.1643,1.1702,1.1639
2026-01-14,1.1644,1.1662,1.1635,1.1645,0.0001,0.0017,0.0009,,0.0001,1,0.02,,98246,1243873,105941,,27,49,2.92,1.1814,1.1717,1.1621,,1.1647,-5,-0.27,,1.1717,1.1649,,1.1673,1.1681,1.1689,1.1687,1.1675,,,-0.0006,0.001,-0.0016,,1.1687,1.1673,1.166,1.1633,1.162,1.1606,,1.1787,1.1689,1.1591,,6.3,11.6,35.2,39.29,35.93,,7.9,11.1,41.58,↑,,-85.79,-118.81,-0.0103,,0,0,126.23,142.11,257.61,290.02,6,18,,1.1692,1.1712,1.1702,1.1639,1.1645,1.1702,1.1639
2026-01-15,1.1647,1.1647,1.1593,1.1609,-0.0038,0,0.0016,,0.0002,0,-0.31,,103092,1140781,104736,,54,49,3.07,1.1817,1.1711,1.1604,,1.1616,-31,-0.43,,1.1711,1.1652,,1.166,1.167,1.1681,1.1681,1.1672,,,-0.0011,0.0006,-0.0017,,1.1694,1.1667,1.164,1.1586,1.1559,1.1532,,1.1779,1.1681,1.1583,,5.6,14.3,28.14,6.19,23.61,,7.3,12.9,36.14,↓,,-92.16,-145.31,-0.0137,,0,42,117.21,173.96,239.2,355.02,19,18,,1.1668,1.1701,1.1685,1.1639,1.1609,1.1685,1.1639
2026-01-16,1.1609,1.1628,1.1585,1.1599,-0.001,0.0019,0.0014,,0,0,-0.09,,100800,1039981,103984,,43,49,3.07,1.1819,1.1703,1.1588,,1.1604,-12,-0.32,,1.1703,1.1654,,1.1648,1.1659,1.1673,1.1675,1.1669,,,-0.0016,0.0002,-0.0018,,1.1666,1.1645,1.1623,1.158,1.1559,1.1537,,1.1771,1.1673,1.1575,,5,13.8,26.6,0,15.16,,6.8,12.7,34.87,↑,,-93.14,-140.28,-0.0121,,0,8,108.84,169.53,222.12,345.98,22,18,,1.1664,1.1697,1.1681,1.1639,1.1599,1.1681,1.1639
2026-01-19,1.158,1.1649,1.1578,1.1646,0.0066,0.0003,0.0002,,-0.0019,0,0.41,,96721,1136702,102591,,71,51,3.47,1.1817,1.17,1.1582,,1.1624,20,-0.18,,1.17,1.1656,,1.1648,1.1657,1.167,1.1673,1.1668,,,-0.0016,-0.0002,-0.0014,,1.1742,1.1707,1.1671,1.16,1.1565,1.1529,,1.1772,1.167,1.1568,,9.7,12.3,44.09,100,35.4,,9.7,11.8,45.12,↓,,-66.34,-98.81,-0.0076,,21,0,122.07,157.42,239.35,308.67,13,18,,1.1641,1.1693,1.1667,1.1639,1.1646,1.1667,1.1639
2026-01-20,1.1643,1.1769,1.1633,1.1727,0.0084,0.0042,0.001,,-0.0003,0,0.7,,159238,1295940,105362,,136,57,4.3,1.1819,1.17,1.1582,,1.171,86,0.72,,1.17,1.1659,,1.1664,1.1668,1.1675,1.1677,1.167,,,-0.0009,-0.0003,-0.0006,,1.1922,1.1854,1.1786,1.165,1.1582,1.1514,,1.1789,1.1675,1.1561,,17.6,10.9,61.75,100,66.67,,14.8,11,57.36,↑,,-21.99,12.4,0.0038,,120,0,233.35,146.18,409.39,256.46,23,18,,1.1673,1.1693,1.1683,1.165,1.1727,1.1683,1.165
2026-01-21,1.1725,1.1743,1.1676,1.1688,-0.0037,0.0018,0.0012,,-0.0002,1,-0.33,,146522,1149418,108277,,67,58,4.14,1.1812,1.1697,1.1582,,1.1702,-8,0.37,,1.1697,1.1661,,1.1669,1.1671,1.1676,1.1678,1.1671,,,-0.0007,-0.0004,-0.0003,,1.1796,1.1763,1.1729,1.1662,1.1629,1.1595,,1.1792,1.1676,1.156,,15.6,14,52.7,74.25,91.42,,13.7,13,51.31,↓,,-42.41,5.88,0.0012,,0,0,216.68,135.74,373.59,234.03,23,18,,1.1673,1.1693,1.1683,1.165,1.1688,1.1683,1.165
2026-01-22,1.1685,1.1757,1.167,1.1755,0.007,0.0002,0.0015,,-0.0003,0,0.57,,109328,1258746,108657,,87,60,4.55,1.1805,1.1695,1.1585,,1.1727,25,1.26,,1.1695,1.1665,,1.1686,1.1684,1.1684,1.1684,1.1674,,,0,-0.0003,0.0003,,1.1872,1.1829,1.1785,1.1698,1.1654,1.1611,,1.1804,1.1684,1.1564,,21.3,12.4,63.2,100,91.42,,17.5,12.1,59.12,↑,,-7.33,46.03,0.0096,,14,0,215.2,126.04,358.67,210.07,26,19,,1.1673,1.1693,1.1683,1.165,1.1755,1.1683,1.165
2026-01-23,1.1753,1.1834,1.1728,1.1828,0.0075,0.0006,0.0025,,-0.0002,0,0.62,,132583,1391329,110828,,106,63,5.05,1.1817,1.1697,1.1578,,1.1797,70,1.97,,1.1697,1.167,,1.1714,1.1706,1.1698,1.1695,1.168,,,0.0011,0,0.0011,,1.1971,1.1918,1.1865,1.1759,1.1706,1.1653,,1.1824,1.1698,1.1572,,27,11,71.05,100,91.42,,21.5,11.2,65.75,↓,,-2.34,143.02,0.0192,,77,0,276.83,117.04,439.41,185.78,41,21,,1.1706,1.1706,1.1706,1.1663,1.1828,1.1706,1.1663
2026-01-26,1.1864,1.1907,1.1835,1.188,0.0016,0.0027,0.0029,,0.0036,0,0.44,,183657,1574986,114000,,79,64,5.25,1.1843,1.1703,1.1563,,1.1874,77,2.01,,1.1703,1.1675,,1.1747,1.1733,1.1715,1.1709,1.1688,,,0.0024,0.006,-0.0036,,1.1985,1.1949,1.1913,1.1841,1.1805,1.1769,,1.1843,1.1715,1.1587,,29.8,9.8,75.25,100,100,,23.7,10.4,69.5,↑,,-8.21,224.76,0.0213,,73,0,330.06,108.68,515.72,169.81,50,23,,1.1743,1.1743,1.1743,1.1699,1.188,1.1743,1.1699
2026-01-27,1.1877,1.2083,1.185,1.2041,0.0164,0.0042,0.0027,,-0.0003,0,1.36,,211090,1786076,119037,,233,76,6.99,1.1918,1.1716,1.1514,,1.1991,117,2.68,,1.1716,1.1683,,1.1806,1.178,1.1746,1.1734,1.1702,,,0.0046,0.0057,-0.0011,,1.2366,1.225,1.2133,1.19,1.1784,1.1667,,1.1898,1.1746,1.1594,,44.4,8.7,83.62,100,100,,33.5,9.7,77.55,↑,,-8.32,291.52,0.0398,,176,0,482.48,100.92,634.84,132.79,65,26,,1.1831,1.1831,1.1831,1.1787,1.2041,1.1831,1.1787
2026-01-28,1.204,1.2048,1.1896,1.1954,-0.0086,0.0008,0.0058,,-0.0001,1,-0.72,,227683,1558393,126009,,152,81,7.52,1.1954,1.1727,1.1499,,1.1966,-25,2.28,,1.1727,1.169,,1.1836,1.1807,1.1766,1.175,1.1712,,,0.0057,0.0057,0,,1.2188,1.2112,1.2036,1.1884,1.1808,1.1732,,1.1928,1.1766,1.1604,,39.5,17.4,69.42,75.1,91.7,,31.1,15.2,67.17,↓,,-25.54,209.69,0.0309,,0,0,448.02,93.71,553.11,115.69,65,29,,1.1831,1.1831,1.1831,1.1787,1.1954,1.1831,1.1787
2026-01-29,1.1956,1.1997,1.1906,1.1971,0.0015,0.0026,0.005,,0.0002,1,0.14,,216268,1774661,131911,,91,82,7.51,1.1989,1.1738,1.1487,,1.1958,-8,1.84,,1.1738,1.1698,,1.1863,1.1832,1.1786,1.1766,1.1722,,,0.0066,0.0059,0.0007,,1.2101,1.2056,1.201,1.1919,1.1873,1.1828,,1.195,1.1786,1.1622,,37,15.5,70.48,66.76,80.62,,30.1,14.1,68.1,↑,,-22.18,162.85,0.0362,,0,0,416.02,87.02,507.34,106.12,65,32,,1.1831,1.1831,1.1831,1.1787,1.1971,1.1831,1.1787
2026-01-30,1.1969,1.1975,1.185,1.1851,-0.0118,0.0006,0.0001,,-0.0002,0,-1,,272763,1501898,140882,,125,85,8.41,1.2,1.1744,1.1489,,1.1892,-66,0.19,,1.1744,1.1704,,1.1861,1.1835,1.1792,1.1772,1.1727,,,0.0063,0.006,0.0003,,1.2059,1.1997,1.1934,1.1809,1.1747,1.1684,,1.1962,1.1792,1.1622,,32.9,27.1,54.83,6.89,49.58,,28,21.7,56.34,↓,,-45.94,97.56,0.0252,,0,56,386.3,136.8,454.47,160.94,48,33,,1.1858,1.1831,1.1845,1.1787,1.1851,1.1845,1.1787
2026-02-02,1.1851,1.1875,1.1776,1.179,-0.0061,0.0024,0.0014,,0,0,-0.51,,231634,1270264,146211,,99,86,8.66,1.2004,1.1748,1.1492,,1.1814,-78,-0.76,,1.1748,1.1709,,1.1847,1.1828,1.1792,1.1773,1.1729,,,0.0055,0.0059,-0.0004,,1.195,1.1901,1.1851,1.1752,1.1703,1.1653,,1.1964,1.1792,1.162,,29.2,30.9,48.59,0,24.55,,26,24.5,51.49,↑,,-58.02,42.05,0.0144,,0,74,358.71,201.03,417.1,233.76,28,33,,1.1877,1.1831,1.1854,1.1787,1.179,1.1854,1.1787
2026-02-03,1.1788,1.1829,1.178,1.1818,0.003,0.0011,0.0008,,-0.0002,1,0.24,,151796,1422060,148351,,49,83,8.6,1.201,1.1754,1.1498,,1.1809,-5,-1.85,,1.1754,1.1716,,1.1841,1.1826,1.1794,1.1776,1.1732,,,0.005,0.0057,-0.0007,,1.1887,1.1863,1.1838,1.1789,1.1765,1.174,,1.196,1.1794,1.1628,,29.1,27.5,51.41,8.05,4.98,,26.1,22.8,53.37,↓,,-52.48,35.2,0.0091,,0,0,333.09,186.67,401.31,224.9,28,33,,1.1877,1.1831,1.1854,1.1787,1.1818,1.1854,1.1787
2026-02-04,1.1818,1.1838,1.1791,1.1806,-0.0012,0.002,0.0015,,0,0,-0.1,,152025,1270035,150576,,47,80,8.6,1.2015,1.1761,1.1506,,1.1812,3,-1.24,,1.1761,1.1721,,1.1834,1.1823,1.1795,1.1778,1.1735,,,0.0045,0.0055,-0.001,,1.1879,1.1856,1.1832,1.1785,1.1762,1.1738,,1.1955,1.1795,1.1635,,25.9,25.8,50.1,4.31,4.12,,24.2,22,52.38,↑,,-54.85,32.84,0.0118,,9,0,318.3,173.34,397.88,216.68,29,33,,1.1906,1.1831,1.1869,1.1787,1.1806,1.1869,1.1787
2026-02-05,1.1806,1.1822,1.1775,1.1779,-0.0027,0.0016,0.0004,,0,0,-0.23,,171245,1098790,154498,,47,78,8.63,1.2017,1.1767,1.1516,,1.1792,-20,-1.6,,1.1767,1.1725,,1.1823,1.1816,1.1793,1.1778,1.1737,,,0.0038,0.0052,-0.0014,,1.1856,1.1833,1.1809,1.1762,1.1738,1.1715,,1.1949,1.1793,1.1637,,23,25.9,47.03,0,4.12,,22.5,22.4,50.11,↓,,-60.2,17.34,0.0024,,0,16,295.56,176.96,378.92,226.87,25,32,,1.1929,1.1831,1.188,1.1793,1.1779,1.188,1.1793
2026-02-06,1.1778,1.1826,1.1766,1.1817,0.0039,0.0009,0.0012,,-0.0001,0,0.32,,113546,1212336,154531,,60,77,8.63,1.2019,1.1776,1.1532,,1.1803,11,-0.29,,1.1776,1.173,,1.1822,1.1816,1.1795,1.1781,1.174,,,0.0035,0.0049,-0.0014,,1.19,1.187,1.184,1.178,1.175,1.172,,1.1949,1.1795,1.1641,,24.7,23,51.78,12.98,5.76,,23.6,20.8,53.15,↑,,-59.11,20.07,-0.0011,,0,9,274.45,173.32,356.43,225.09,23,31,,1.1925,1.1831,1.1878,1.1797,1.1817,1.1878,1.1797
2026-02-09,1.1813,1.1927,1.181,1.1915,0.0102,0.0012,0.0003,,-0.0004,0,0.83,,147555,1359891,156585,,117,80,9.01,1.2034,1.1788,1.1543,,1.1884,81,1.06,,1.1788,1.1736,,1.1841,1.1831,1.1806,1.1791,1.1747,,,0.004,0.0047,-0.0007,,1.2075,1.2016,1.1958,1.1841,1.1783,1.1724,,1.1966,1.1806,1.1646,,32.8,20.4,61.65,62.35,25.11,,28.9,19.3,59.96,↓,,-40.68,67.75,0.0035,,101,0,355.85,160.94,444.81,201.18,38,32,,1.1907,1.1831,1.1869,1.1815,1.1915,1.1869,1.1815
2026-02-10,1.1912,1.1929,1.1887,1.1895,-0.0017,0.0017,0.0008,,-0.0003,0,-0.17,,125064,1234827,157543,,42,77,9,1.2041,1.1801,1.156,,1.1904,20,0.65,,1.1801,1.1742,1.1624,1.1852,1.1841,1.1814,1.1799,1.1753,,,0.0042,0.0046,-0.0004,,1.1962,1.1941,1.192,1.1878,1.1857,1.1836,,1.1968,1.1814,1.166,,29.2,20.4,58.87,50.49,41.94,,26.8,19.4,58.01,↑,,-45.52,75.56,-0.0146,,2,0,332.43,149.44,431.73,194.08,38,32,,1.1882,1.1831,1.1856,1.1819,1.1895,1.1856,1.1819
2026-02-11,1.1895,1.1927,1.1833,1.1871,-0.0024,0.0032,0.0038,,0,0,-0.2,,165818,1069009,160921,,94,78,9.06,1.2043,1.1812,1.1581,,1.1877,-27,0.55,,1.1812,1.1747,1.1627,1.1856,1.1846,1.1819,1.1804,1.1758,1.1626,,0.0042,0.0045,-0.0003,,1.2015,1.1968,1.1921,1.1827,1.178,1.1733,,1.1975,1.1819,1.1663,,26,20.8,55.56,58.34,57.06,,24.9,19.7,55.83,↓,,-59.72,51.57,-0.0083,,0,54,308.69,192.77,395.76,247.14,23,31,,1.1871,1.1831,1.1851,1.1819,1.1871,1.1851,1.1819
2026-02-12,1.1872,1.189,1.1852,1.1871,-0.0001,0.0018,0.0019,,0.0001,1,0,,146978,1069009,163116,,38,75,8.94,1.2038,1.1825,1.1613,,1.1871,-6,0.78,,1.1825,1.1752,1.163,1.1859,1.185,1.1824,1.1809,1.1762,1.1628,,0.0041,0.0044,-0.0003,,1.1928,1.1909,1.189,1.1852,1.1833,1.1814,,1.1974,1.1824,1.1674,,23.1,18.5,55.53,58.14,55.66,,23.1,18.3,55.8,↑,,-66.88,40.43,-0.01,,0,0,286.64,179,382.19,238.67,23,30,,1.1848,1.1831,1.184,1.1831,1.1871,1.184,1.1831
2026-02-13,1.1868,1.1885,1.1847,1.1868,0,0.0017,0.0021,,-0.0003,0,-0.03,,128436,940573,164498,,38,72,8.93,1.2024,1.1839,1.1653,,1.1867,-4,0.43,,1.1839,1.1756,1.1632,1.1861,1.1853,1.1828,1.1813,1.1766,1.163,,0.004,0.0043,-0.0003,,1.1924,1.1905,1.1886,1.1848,1.1829,1.181,,1.1972,1.1828,1.1684,,20.5,16.8,54.96,54.24,56.91,,21.5,17.2,55.56,↓,,-67.82,29.45,0.0017,,0,5,266.17,171.21,369.68,237.79,22,29,,1.1848,1.1831,1.184,1.1831,1.1868,1.184,1.1831
2026-02-16,1.1871,1.1873,1.1846,1.1851,-0.002,0.0002,0.0005,,0.0003,0,-0.14,,64864,875709,162905,,27,69,8.9,1.2012,1.1849,1.1685,,1.1857,-10,-0.54,,1.1849,1.176,1.1636,1.1859,1.1853,1.183,1.1816,1.1769,1.1632,,0.0037,0.0042,-0.0005,,1.1894,1.1881,1.1867,1.184,1.1827,1.1813,,1.1968,1.183,1.1692,,18.2,16.8,52,33.99,48.79,,20,17.2,53.76,↑,,-69.86,11.82,0.0061,,0,1,247.16,159.98,358.2,231.86,21,28,,1.1848,1.1831,1.184,1.1831,1.1851,1.184,1.1831
2026-02-17,1.1851,1.1855,1.1805,1.1854,0.0003,0.0001,0.0046,,0,0,0.03,,118283,993992,160857,,50,68,8.61,1.2009,1.1855,1.1701,,1.1838,-19,-0.34,,1.1855,1.1765,1.1639,1.1858,1.1853,1.1832,1.1819,1.1772,1.1634,,0.0034,0.004,-0.0006,,1.1921,1.1896,1.1871,1.1821,1.1796,1.1771,,1.1968,1.1832,1.1696,,16.5,14.9,52.55,37.76,42,,18.8,16,54.02,↓,,-61.9,-15.98,0.0036,,0,41,229.51,189.55,337.51,278.75,10,27,,1.1848,1.1831,1.184,1.1831,1.1854,1.184,1.1831
2026-02-18,1.1853,1.1858,1.1782,1.1784,-0.0069,0.0005,0.0002,,-0.0001,0,-0.59,,99816,894176,158522,,76,69,8.81,1.1998,1.186,1.1722,,1.1808,-30,-0.73,,1.186,1.1767,1.1642,1.1843,1.1842,1.1827,1.1816,1.1772,1.1635,,0.0026,0.0037,-0.0011,,1.191,1.1872,1.1834,1.1758,1.172,1.1682,,1.1965,1.1827,1.1689,,14.7,21,41.18,0,23.92,,17.5,19.9,46.79,↑,,-91.39,-63.55,-0.0022,,0,23,213.12,199.01,308.87,288.42,3,25,,1.1848,1.1831,1.184,1.1831,1.1784,1.184,1.1831
2026-02-19,1.1785,1.1808,1.1742,1.1772,-0.0013,0.0023,0.003,,0.0001,0,-0.1,,119902,774274,159050,,66,69,8.6,1.1996,1.1861,1.1725,,1.1774,-34,-0.83,,1.1861,1.177,1.1645,1.1829,1.1831,1.1822,1.1813,1.1772,1.1636,,0.0018,0.0033,-0.0015,,1.1872,1.1839,1.1806,1.174,1.1707,1.1674,,1.196,1.1822,1.1684,,13.1,20,39.58,0,12.59,,16.3,19.3,45.79,↓,,-83.96,-115.96,-0.0007,,0,40,197.9,224.8,286.81,325.8,6,24,,1.1835,1.1831,1.1833,1.1831,1.1772,1.1833,1.1831
2026-02-20,1.1772,1.1808,1.1743,1.1782,0.001,0.0026,0.0029,,0,1,0.08,,170150,944424,160929,,65,69,8.3,1.1998,1.1859,1.1719,,1.1778,4,-0.72,,1.1859,1.1772,1.1648,1.182,1.1823,1.1818,1.1811,1.1772,1.1637,,0.0012,0.0029,-0.0017,,1.1877,1.1845,1.1812,1.1747,1.1715,1.1682,,1.1956,1.1818,1.168,,12.8,17.8,41.83,11.66,3.89,,15.8,17.9,46.88,↑,,-78.61,-107.6,-0.0035,,0,0,183.76,208.74,266.32,302.52,6,23,,1.1835,1.1831,1.1833,1.1831,1.1782,1.1833,1.1831
2026-02-23,1.1796,1.1835,1.1774,1.1785,-0.0011,0.0039,0.0011,,0.0014,0,0.03,,129379,1073803,158215,,61,68,8.12,1.1996,1.1854,1.1712,,1.1798,20,-0.56,,1.1854,1.1773,1.1651,1.1813,1.1817,1.1815,1.1809,1.1773,1.1638,,0.0008,0.0025,-0.0017,,1.1883,1.1853,1.1822,1.1761,1.1731,1.17,,1.1951,1.1815,1.1679,,11.7,15.8,42.55,18.59,10.08,,14.9,16.6,47.3,↓,,-77.01,-72.43,-0.013,,27,0,197.63,193.83,290.63,285.04,1,21,,1.1835,1.1831,1.1833,1.1831,1.1785,1.1833,1.1831
2026-02-24,1.1789,1.1796,1.1766,1.1774,-0.0015,0.0007,0.0008,,0.0004,0,-0.09,,106541,967262,152987,,30,65,6.25,1.1958,1.184,1.1723,,1.1779,-19,-0.67,,1.184,1.1774,1.1654,1.1805,1.181,1.1811,1.1806,1.1773,1.1639,,0.0004,0.0021,-0.0017,,1.1821,1.1806,1.1791,1.1761,1.1746,1.1731,,1.1941,1.1811,1.1681,,10.4,15.3,40.47,5.58,11.94,,13.8,16.2,46,↑,,-82.89,-90.72,-0.0121,,0,8,183.51,187.99,282.32,289.22,1,20,,1.1816,1.1858,1.1837,1.1831,1.1774,1.1837,1.1831
2026-02-25,1.1773,1.1814,1.1771,1.181,0.0037,0.0004,0.0002,,-0.0001,0,0.31,,107060,1074322,146956,,43,63,5.98,1.1939,1.1833,1.1728,,1.1798,19,0.22,,1.1833,1.1775,1.1657,1.1806,1.181,1.1811,1.1806,1.1774,1.1641,,0.0004,0.0018,-0.0014,,1.1869,1.1848,1.1826,1.1783,1.1761,1.174,,1.1937,1.1811,1.1685,,13.2,13.6,49.25,62.87,29.01,,15.4,15,50.66,↓,,-63.64,-58.1,-0.0061,,18,0,188.4,174.56,299.05,277.08,4,19,,1.1813,1.1877,1.1845,1.1831,1.181,1.1845,1.1831
2026-02-26,1.1809,1.1829,1.1774,1.1798,-0.0011,0.002,0.0024,,-0.0001,0,-0.1,,110999,963323,141693,,55,62,5.93,1.191,1.1825,1.1739,,1.18,2,0.22,,1.1825,1.1776,1.166,1.1804,1.1808,1.181,1.1805,1.1775,1.1643,,0.0003,0.0015,-0.0012,,1.1882,1.1854,1.1827,1.1772,1.1745,1.1717,,1.1934,1.181,1.1686,,11.7,13.4,46.61,54.2,40.88,,14.3,14.8,49.14,↑,,-70.05,-49.56,-0.0073,,15,0,189.94,162.09,306.35,261.44,8,18,,1.1808,1.1877,1.1843,1.1831,1.1798,1.1843,1.1831
2026-02-27,1.1797,1.1827,1.1789,1.1817,0.002,0.001,0.0008,,-0.0001,1,0.16,,114502,1077825,133780,,38,60,4.84,1.1908,1.1823,1.1738,,1.1811,11,0.3,,1.1823,1.1777,1.1662,1.1807,1.1809,1.1811,1.1806,1.1777,1.1645,,0.0003,0.0013,-0.001,,1.1871,1.1852,1.1833,1.1795,1.1776,1.1757,,1.1931,1.1811,1.1691,,12.5,11.9,51.23,89.82,68.96,,14.6,13.7,51.59,↓,,-59.89,-25.36,-0.0051,,0,0,176.37,150.51,293.95,250.85,8,17,,1.18,1.1906,1.1853,1.1831,1.1817,1.1853,1.1831
2026-03-02,1.1769,1.1796,1.1672,1.169,-0.0079,0.0027,0.0018,,-0.0048,0,-1.07,,200346,877479,132215,,145,66,5.91,1.192,1.1818,1.1716,,1.1719,-92,-0.81,,1.1818,1.1777,1.1664,1.1784,1.1791,1.1799,1.1797,1.1774,1.1645,,-0.0006,0.0009,-0.0015,,1.1891,1.1829,1.1767,1.1643,1.1581,1.1519,,1.1931,1.1799,1.1667,,11.1,24.7,31.01,0,48.01,,13.6,21.8,38.42,↑,,-92.94,-182.01,-0.0161,,0,117,163.77,256.76,248.14,389.03,22,17,,1.1765,1.1877,1.1821,1.1831,1.169,1.1821,1.1831
2026-03-03,1.1687,1.1707,1.153,1.1612,-0.0075,0.002,0.0082,,-0.0003,0,-0.67,,259235,618244,137587,,177,74,6.21,1.1943,1.1808,1.1672,,1.1616,-103,-1.38,,1.1808,1.1775,1.1665,1.175,1.1763,1.1781,1.1783,1.1768,1.1645,,-0.002,0.0003,-0.0023,,1.188,1.1792,1.1703,1.1526,1.1438,1.1349,,1.1929,1.1781,1.1633,,9.9,30.6,24.44,0,29.94,,12.6,25.8,32.81,↓,,-77.22,-294.82,-0.0242,,0,142,152.07,380.42,205.5,514.08,43,19,,1.1683,1.1807,1.1745,1.1807,1.1612,1.1745,1.1807
2026-03-04,1.1613,1.1655,1.1575,1.1635,0.0022,0.002,0.0038,,0.0001,1,0.2,,200540,818784,140013,,80,74,6.29,1.1954,1.1799,1.1644,,1.1622,6,-1.48,,1.1799,1.1772,1.1666,1.1727,1.1743,1.1767,1.1772,1.1763,1.1645,,-0.0029,-0.0003,-0.0026,,1.1748,1.1708,1.1668,1.1588,1.1548,1.1508,,1.1915,1.1767,1.1619,,11.4,27.2,29.53,19,6.33,,13.3,24,35.66,↑,,-70.42,-227.5,-0.0149,,0,0,141.21,353.25,190.82,477.36,43,21,,1.1683,1.1789,1.1736,1.1807,1.1635,1.1736,1.1807
2026-03-05,1.163,1.1647,1.1559,1.1609,-0.0021,0.0017,0.005,,-0.0005,0,-0.22,,233576,585208,143130,,88,75,6.29,1.1966,1.1791,1.1615,,1.1605,-17,-1.6,,1.1791,1.1768,1.1668,1.1703,1.1722,1.1752,1.176,1.1757,1.1645,,-0.0038,-0.001,-0.0028,,1.1739,1.1695,1.1651,1.1563,1.1519,1.1475,,1.1902,1.1752,1.1602,,10.1,27.1,27.15,10.12,9.71,,12.4,24.1,33.97,↓,,-76.97,-193.07,-0.0163,,0,16,131.12,344.02,174.83,458.69,45,23,,1.1683,1.1764,1.1723,1.1807,1.1609,1.1723,1.1807
2026-03-06,1.1609,1.1621,1.1546,1.1617,0.0008,0.0004,0.0063,,0,0,0.07,,227268,812476,148816,,75,75,6.14,1.1971,1.1781,1.159,,1.1595,-10,-1.69,,1.1781,1.1765,1.167,1.1686,1.1706,1.1739,1.1749,1.1752,1.1645,,-0.0043,-0.0017,-0.0026,,1.1718,1.1681,1.1643,1.1568,1.153,1.1493,,1.1889,1.1739,1.1589,,9.9,24.1,29.12,17.47,15.53,,12.1,22.4,35.07,↑,,-73.48,-164.16,-0.0165,,0,13,121.75,332.45,162.33,443.27,46,25,,1.168,1.1753,1.1717,1.1807,1.1617,1.1717,1.1807
2026-03-09,1.1549,1.1638,1.1507,1.1637,0.0088,0.0001,0.0042,,-0.0068,0,0.17,,326822,1139298,157779,,131,79,5.23,1.1957,1.1767,1.1576,,1.1594,-1,-0.45,,1.1767,1.1763,1.1671,1.1676,1.1695,1.1729,1.1741,1.1747,1.1645,,-0.0046,-0.0023,-0.0023,,1.1812,1.1747,1.1681,1.155,1.1485,1.1419,,1.1887,1.1729,1.1571,,11,21.4,33.95,35.5,21.03,,12.7,20.8,37.91,↓,,-62.96,-135.79,-0.0148,,0,39,113.05,347.7,143.1,440.13,51,27,,1.1668,1.1718,1.1693,1.1795,1.1637,1.1693,1.1795
2026-03-10,1.1637,1.1667,1.1606,1.1608,-0.0029,0.003,0.0002,,0,0,-0.25,,227148,912150,162883,,61,78,5.24,1.1945,1.1752,1.156,,1.1627,33,-0.03,,1.1752,1.1759,1.1672,1.1662,1.1682,1.1717,1.1731,1.1742,1.1645,,-0.0049,-0.0028,-0.0021,,1.1709,1.1679,1.1648,1.1587,1.1557,1.1526,,1.1873,1.1717,1.1561,,9.8,22.2,30.63,23.11,25.36,,11.8,21.4,35.54,↑,,-69.21,-94.05,-0.0166,,29,0,133.98,322.86,171.77,413.92,41,28,,1.1668,1.1718,1.1693,1.1795,1.1608,1.1693,1.1795
2026-03-11,1.1609,1.1646,1.1561,1.1567,-0.0042,0.0037,0.0006,,0.0001,0,-0.35,,199144,713006,164549,,85,79,5.3,1.1938,1.1737,1.1537,,1.1591,-36,-0.58,,1.1737,1.1756,1.1673,1.1643,1.1664,1.1703,1.1719,1.1735,1.1644,,-0.0055,-0.0033,-0.0022,,1.1707,1.1665,1.1622,1.1537,1.1494,1.1452,,1.1861,1.1703,1.1545,,8.7,24.3,26.36,7.17,21.93,,11,22.8,32.54,↓,,-81.71,-104.73,-0.0243,,0,45,124.41,344.8,157.48,436.46,47,29,,1.1667,1.1718,1.1692,1.1795,1.1567,1.1692,1.1795
2026-03-12,1.1567,1.1575,1.151,1.1511,-0.0056,0.0008,0.0001,,0,0,-0.48,,166645,546361,165533,,65,78,5.42,1.1932,1.1719,1.1506,,1.1532,-59,-0.84,,1.1719,1.1751,1.1673,1.1617,1.164,1.1685,1.1704,1.1726,1.1643,,-0.0064,-0.0039,-0.0025,,1.1619,1.1587,1.1554,1.1489,1.1457,1.1424,,1.1841,1.1685,1.1529,,7.7,27.8,21.69,0,10.09,,10.2,25.2,28.81,↓,,-98.78,-127.85,-0.0287,,0,51,115.52,371.17,148.1,475.86,53,31,,1.1652,1.1718,1.1685,1.1795,1.1511,1.1685,1.1795
2026-03-13,1.1513,1.153,1.1411,1.1416,-0.0097,0.0017,0.0005,,0.0002,0,-0.83,,176107,370254,167916,,119,81,5.9,1.1936,1.1696,1.1457,,1.1452,-80,-1.73,,1.1696,1.1745,1.1673,1.1577,1.1606,1.1659,1.1683,1.1714,1.1641,,-0.0077,-0.0047,-0.003,,1.1613,1.1553,1.1494,1.1375,1.1315,1.1256,,1.1821,1.1659,1.1497,,6.8,35.3,16.15,0,2.39,,9.5,30.2,23.93,↓,,-98.8,-155.13,-0.0401,,0,99,107.27,443.66,132.43,547.73,61,33,,1.1559,1.167,1.1614,1.1747,1.1416,1.1614,1.1747
2026-03-16,1.1424,1.1525,1.1414,1.1506,0.0082,0.0019,0.001,,0.0008,1,0.79,,154221,524475,172384,,111,83,6.85,1.1921,1.1679,1.1437,,1.1482,30,-1.13,,1.1679,1.1741,1.1674,1.1563,1.1591,1.1644,1.167,1.1706,1.164,,-0.0079,-0.0053,-0.0026,,1.166,1.1605,1.1549,1.1438,1.1383,1.1327,,1.181,1.1644,1.1478,,16,31.4,33.76,98.93,32.98,,15.3,28,35.33,↑,,-77.27,-121.49,-0.0184,,0,0,99.61,411.97,120.01,496.35,61,35,,1.1539,1.167,1.1605,1.1747,1.1506,1.1605,1.1747
2026-03-17,1.1506,1.1547,1.1466,1.154,0.0034,0.0007,0.004,,0,0,0.3,,125911,650386,172766,,81,83,7,1.1899,1.1664,1.1428,,1.1518,36,-0.59,,1.1664,1.1738,1.1675,1.1558,1.1583,1.1634,1.166,1.1699,1.1639,,-0.0077,-0.0058,-0.0019,,1.165,1.161,1.1569,1.1488,1.1448,1.1407,,1.18,1.1634,1.1468,,18,27.9,39.22,100,66.31,,16.6,26,38.97,↓,,-69.14,-90.85,-0.0072,,22,0,114.5,382.54,137.95,460.89,54,36,,1.1539,1.167,1.1605,1.1747,1.154,1.1605,1.1747
2026-03-18,1.1538,1.1555,1.145,1.1452,-0.0086,0.0017,0.0002,,-0.0002,0,-0.76,,162199,488187,175885,,105,85,7.18,1.1893,1.1647,1.1401,,1.1486,-32,-0.99,,1.1647,1.1733,1.1675,1.1537,1.1563,1.1617,1.1645,1.1689,1.1637,,-0.0082,-0.0063,-0.0019,,1.1626,1.1574,1.1521,1.1416,1.1364,1.1311,,1.1787,1.1617,1.1447,,16,34.6,31.62,67.06,88.66,,15.4,30.4,33.62,↑,,-90.14,-101.98,-0.0183,,0,16,106.32,371.22,125.08,436.73,55,37,,1.1539,1.1669,1.1604,1.1747,1.1452,1.1604,1.1747
2026-03-19,1.1452,1.1616,1.1443,1.1589,0.0137,0.0027,0.0009,,0,0,1.2,,270432,758619,183411,,173,91,8.6,1.1878,1.1638,1.1398,,1.1549,63,0.68,,1.1638,1.1732,1.1675,1.1547,1.1567,1.1614,1.1641,1.1685,1.1637,,-0.0074,-0.0065,-0.0009,,1.1829,1.1743,1.1656,1.1483,1.1397,1.131,,1.1796,1.1614,1.1432,,29.4,30.8,48.84,100,89.02,,24.1,28.2,46.08,↓,,-53.77,-57.68,-0.002,,61,0,159.73,344.7,175.53,378.79,37,37,,1.1539,1.1651,1.1595,1.1747,1.1589,1.1595,1.1747
2026-03-20,1.1589,1.1595,1.1525,1.1571,-0.0018,0.0006,0.0046,,0,1,-0.16,,186940,571679,184251,,70,90,8.58,1.1859,1.1627,1.1395,,1.1564,15,1.36,,1.1627,1.173,1.1676,1.1552,1.1568,1.161,1.1636,1.1681,1.1636,,-0.0068,-0.0066,-0.0002,,1.1672,1.1637,1.1602,1.1532,1.1497,1.1462,,1.179,1.161,1.143,,26.1,29.4,47.03,94.46,87.17,,22.4,27.5,44.89,↑,,-45.95,-44.64,-0.0046,,0,0,148.32,320.08,164.8,355.64,37,37,,1.1539,1.1648,1.1593,1.1747,1.1571,1.1593,1.1747
2026-03-23,1.1538,1.164,1.1485,1.1611,0.0073,0.0029,0.0053,,-0.0033,0,0.35,,386420,958099,197103,,155,95,8.71,1.1839,1.1618,1.1398,,1.1579,15,0.91,,1.1618,1.1729,1.1676,1.1564,1.1575,1.161,1.1634,1.1678,1.1636,,-0.0059,-0.0065,0.0006,,1.1827,1.175,1.1672,1.1517,1.144,1.1362,,1.18,1.161,1.142,,27.6,26.1,51.4,100,98.15,,23.7,25.5,48.17,↓,,-21.88,-29.39,-0.0026,,45,0,182.73,297.22,192.35,312.86,24,36,,1.1529,1.1642,1.1586,1.1747,1.1611,1.1586,1.1747
2026-03-24,1.1614,1.1628,1.1557,1.1608,-0.0006,0.0014,0.0051,,0.0003,1,-0.03,,262970,695129,204924,,71,93,8.71,1.1819,1.161,1.1401,,1.1598,19,0.59,,1.161,1.1729,1.1676,1.1573,1.158,1.161,1.1632,1.1675,1.1636,,-0.0052,-0.0062,0.001,,1.1709,1.1673,1.1638,1.1567,1.1532,1.1496,,1.1796,1.161,1.1424,,24.5,23.5,51.04,98.98,97.81,,22,23.9,47.93,↑,,-23.05,-8.24,0,,0,0,169.68,275.99,182.45,296.76,24,35,,1.1526,1.1635,1.1581,1.1747,1.1608,1.1581,1.1747
2026-03-25,1.1606,1.1631,1.1555,1.1559,-0.0047,0.0025,0.0004,,-0.0002,0,-0.42,,187723,507406,208957,,76,92,8.68,1.1786,1.1598,1.1409,,1.1582,-16,0.93,,1.1598,1.1727,1.1676,1.157,1.1577,1.1605,1.1627,1.167,1.1635,,-0.005,-0.006,0.001,,1.1684,1.1646,1.1608,1.1532,1.1494,1.1456,,1.1789,1.1605,1.1421,,21.8,26.3,45.32,82.75,93.91,,20.4,25.7,44.25,↓,,-42.19,-15.22,-0.0008,,3,0,160.56,256.28,174.52,278.57,23,34,,1.1526,1.1635,1.1581,1.1747,1.1559,1.1581,1.1747
2026-03-26,1.1559,1.1572,1.152,1.1529,-0.003,0.0013,0.0009,,0,0,-0.26,,154517,352889,211133,,52,89,8.7,1.1751,1.1584,1.1418,,1.154,-42,-0.52,,1.1584,1.1725,1.1677,1.1562,1.157,1.1598,1.162,1.1664,1.1634,,-0.005,-0.0058,0.0008,,1.1613,1.1587,1.1561,1.1509,1.1483,1.1457,,1.1776,1.1598,1.142,,19.4,26.7,42.08,52.88,78.2,,18.9,26,42.09,↑,,-53.91,-52.01,0.0018,,0,35,149.09,272.97,167.52,306.71,29,34,,1.1527,1.1623,1.1575,1.1747,1.1529,1.1575,1.1747
2026-03-27,1.1532,1.1548,1.1502,1.1511,-0.0021,0.0016,0.0009,,0.0003,0,-0.16,,144638,208251,212640,,46,86,8.64,1.1699,1.1569,1.1439,,1.152,-20,-0.52,,1.1569,1.1724,1.1677,1.1552,1.1561,1.159,1.1612,1.1658,1.1633,,-0.0051,-0.0057,0.0006,,1.1585,1.1562,1.1539,1.1493,1.147,1.1447,,1.1762,1.159,1.1418,,17.2,25.7,40.09,42.82,59.48,,17.6,25.4,40.93,↓,,-60.94,-67.82,0.0095,,0,18,138.44,271.47,160.98,315.66,32,34,,1.1542,1.1623,1.1583,1.1747,1.1511,1.1583,1.1747
2026-03-30,1.1503,1.1521,1.1443,1.1462,-0.0041,0.0018,0.0019,,-0.0008,0,-0.43,,150773,57478,210161,,78,85,7.97,1.1683,1.1558,1.1432,,1.1475,-45,-1.28,,1.1558,1.172,1.1677,1.1534,1.1546,1.1578,1.1601,1.165,1.1631,,-0.0055,-0.0057,0.0002,,1.1586,1.1547,1.1508,1.143,1.1391,1.1352,,1.1748,1.1578,1.1408,,15.3,28.3,35.09,17.54,37.75,,16.3,27.1,37.56,↑,,-78.3,-119.4,-0.0044,,0,59,128.55,311.08,151.24,365.98,42,35,,1.1542,1.1623,1.1583,1.1747,1.1462,1.1583,1.1747
2026-03-31,1.1459,1.1563,1.1447,1.1553,0.0094,0.001,0.0012,,-0.0003,0,0.79,,225760,283238,208488,,116,87,8.26,1.1678,1.1555,1.1431,,1.1521,46,-0.47,,1.1555,1.1716,1.1677,1.1538,1.1547,1.1576,1.1597,1.1646,1.163,,-0.005,-0.0056,0.0006,,1.1711,1.1653,1.1595,1.1479,1.1421,1.1363,,1.175,1.1576,1.1402,,23.7,25.2,48.47,82.04,47.47,,21.6,25.2,46.15,↓,,-37.99,-46.31,0.0013,,42,0,161.37,288.86,185.48,332.02,28,35,,1.1542,1.162,1.1581,1.1747,1.1553,1.1581,1.1747
2026-04-01,1.1554,1.1627,1.1553,1.1591,0.0037,0.0036,0.0001,,0.0001,0,0.33,,197189,480427,208320,,74,86,8.32,1.1671,1.1552,1.1433,,1.159,69,0.28,,1.1552,1.1714,1.1677,1.1549,1.1554,1.1577,1.1597,1.1644,1.163,,-0.0043,-0.0053,0.001,,1.1702,1.1665,1.1628,1.1554,1.1517,1.148,,1.1749,1.1577,1.1405,,25.3,22.4,53.04,100,66.53,,22.8,23.4,49.35,↑,,-21.4,63.42,0.0139,,64,0,213.84,268.23,248.65,311.9,11,33,,1.1542,1.162,1.1581,1.1747,1.1591,1.1581,1.1747
2026-04-02,1.1589,1.1606,1.1509,1.154,-0.0049,0.0017,0.0031,,-0.0002,0,-0.44,,211237,269190,207203,,97,87,8.43,1.1665,1.1549,1.1433,,1.1552,-38,0.1,,1.1549,1.171,1.1676,1.1547,1.1552,1.1573,1.1593,1.164,1.1629,,-0.0041,-0.0051,0.001,,1.1691,1.1643,1.1594,1.1497,1.1449,1.14,,1.1747,1.1573,1.1399,,22.5,25.6,46.78,65.13,82.39,,21.2,25.4,45.49,↓,,-44.25,7.26,-0.0049,,0,44,198.57,293.07,228.24,336.86,19,32,,1.1542,1.162,1.1581,1.1747,1.154,1.1581,1.1747
2026-04-03,1.1539,1.1549,1.1513,1.1522,-0.0017,0.001,0.0009,,-0.0001,1,-0.16,,52697,216493,198475,,36,83,8.43,1.1656,1.1544,1.1432,,1.1528,-24,0.1,,1.1544,1.1704,1.1676,1.1542,1.1547,1.1568,1.1588,1.1635,1.1628,,-0.0041,-0.0049,0.0008,,1.1579,1.1561,1.1543,1.1507,1.1489,1.1471,,1.1734,1.1568,1.1402,,20,24.8,44.64,53.2,72.78,,19.7,24.9,44.17,↑,,-59.9,-27.64,-0.0049,,0,0,184.39,272.14,222.16,327.88,19,31,,1.1537,1.1619,1.1578,1.1747,1.1522,1.1578,1.1747
2026-04-06,1.1524,1.1572,1.1505,1.1543,0.0019,0.0029,0.0019,,0.0002,0,0.18,,148258,364751,189546,,67,82,8.43,1.1643,1.1539,1.1436,,1.154,12,0.71,,1.1539,1.1697,1.1675,1.1542,1.1546,1.1566,1.1585,1.1631,1.1627,,-0.0039,-0.0047,0.0008,,1.1642,1.1609,1.1575,1.1508,1.1475,1.1441,,1.173,1.1566,1.1402,,20.1,22,47.74,70.47,62.93,,19.8,23.1,46.15,↓,,-49.24,-2.38,-0.0068,,23,0,194.22,252.7,236.85,308.17,13,30,,1.1537,1.1604,1.1571,1.1747,1.1543,1.1571,1.1747
2026-04-07,1.1541,1.1605,1.1524,1.1598,0.0057,0.0007,0.0017,,-0.0002,0,0.48,,183234,547985,187351,,81,82,8.59,1.1642,1.1539,1.1436,,1.1576,36,0.39,,1.1539,1.1688,1.1674,1.1553,1.1554,1.1569,1.1586,1.163,1.1627,,-0.0032,-0.0044,0.0012,,1.1708,1.1668,1.1627,1.1546,1.1506,1.1465,,1.1733,1.1569,1.1405,,24,19.6,55.05,100,74.56,,22.3,21.5,50.91,↑,,-21.32,73.65,-0.001,,33,0,213.35,234.65,260.18,286.16,5,28,,1.1535,1.1559,1.1547,1.1747,1.1598,1.1547,1.1747
2026-04-08,1.1596,1.1722,1.1589,1.1662,0.0066,0.006,0.0007,,-0.0002,0,0.55,,309713,857698,192879,,133,86,8.7,1.1659,1.1544,1.1428,,1.1658,82,0.61,,1.1544,1.1683,1.1674,1.1575,1.1571,1.1578,1.1592,1.1631,1.1627,,-0.0021,-0.0039,0.0018,,1.1859,1.1793,1.1726,1.1593,1.1527,1.146,,1.175,1.1578,1.1406,,28.4,17.4,62.01,100,90.16,,25.3,20,55.85,↓,,-21.51,209.46,0.0103,,117,0,315.11,217.89,366.41,253.36,18,27,,1.1583,1.1567,1.1575,1.1747,1.1662,1.1575,1.1747
2026-04-09,1.1662,1.1723,1.165,1.1699,0.0037,0.0024,0.0012,,0,0,0.32,,139044,996742,191499,,73,85,8.52,1.1686,1.1553,1.1421,,1.1691,33,1.38,,1.1553,1.1677,1.1673,1.16,1.1591,1.159,1.16,1.1634,1.1628,,-0.0009,-0.0033,0.0024,,1.1804,1.1768,1.1731,1.1658,1.1622,1.1585,,1.176,1.159,1.142,,29.4,15.5,65.48,100,100,,26.1,18.6,58.39,↑,,-8.57,214.17,0.017,,1,0,293.6,202.33,345.41,238.04,18,26,,1.1583,1.1567,1.1575,1.173,1.1699,1.1575,1.173
2026-04-10,1.1702,1.174,1.1677,1.1725,0.0023,0.0015,0.0025,,0.0003,0,0.22,,126582,1123324,189023,,63,83,7.82,1.1706,1.1569,1.1432,,1.1714,23,1.76,,1.1569,1.1675,1.1673,1.1625,1.1612,1.1603,1.1609,1.1638,1.1629,,0.0003,-0.0026,0.0029,,1.1814,1.1783,1.1751,1.1688,1.1657,1.1625,,1.1769,1.1603,1.1437,,29,13.8,67.76,100,100,,26.1,17.3,60.14,↓,,-5.05,208.54,0.0214,,17,0,289.63,187.88,348.95,226.36,21,26,,1.1593,1.1576,1.1585,1.1704,1.1725,1.1585,1.1704
2026-04-13,1.1667,1.1766,1.1664,1.1759,0.0092,0.0007,0.0003,,-0.0058,0,0.29,,140983,1264307,188361,,102,84,7.46,1.1738,1.1581,1.1424,,1.173,16,1.87,,1.1581,1.1674,1.1673,1.1652,1.1635,1.1618,1.162,1.1643,1.163,,0.0015,-0.0018,0.0033,,1.1897,1.1846,1.1795,1.1693,1.1642,1.1591,,1.1786,1.1618,1.145,,29.6,12.3,70.64,100,100,,26.7,16.1,62.38,↑,,-2.17,191.47,0.0297,,26,0,294.94,174.46,351.12,207.69,26,26,,1.1636,1.1589,1.1612,1.1693,1.1759,1.1612,1.1693
2026-04-14,1.1758,1.1811,1.1755,1.1796,0.0038,0.0015,0.0003,,-0.0001,0,0.31,,121435,1385742,188137,,56,82,7.47,1.1775,1.1594,1.1413,,1.1787,57,1.71,,1.1594,1.1674,1.1673,1.1681,1.166,1.1635,1.1633,1.1649,1.1632,,0.0027,-0.0009,0.0036,,1.1876,1.1848,1.182,1.1764,1.1736,1.1708,,1.1799,1.1635,1.1471,,30.4,10.9,73.61,100,100,,27.4,15,64.62,↓,,-4.08,205.13,0.0243,,45,0,318.87,162,388.87,197.56,33,27,,1.1658,1.1611,1.1635,1.167,1.1796,1.1635,1.167
2026-04-15,1.1797,1.1808,1.1772,1.1799,0.0002,0.0009,0.0025,,0.0001,1,0.03,,127444,1513186,186399,,36,79,6.73,1.1801,1.1611,1.1422,,1.1793,6,1.17,,1.1611,1.1673,1.1673,1.1705,1.1681,1.1651,1.1645,1.1655,1.1634,,0.0036,0,0.0036,,1.185,1.1832,1.1814,1.1778,1.176,1.1742,,1.1809,1.1651,1.1493,,27.4,9.7,73.85,100,100,,25.7,13.9,64.9,↑,,-3.26,168.51,0.0208,,0,0,296.09,150.43,374.8,190.42,33,27,,1.1658,1.1611,1.1635,1.167,1.1799,1.1635,1.167
2026-04-16,1.18,1.1824,1.1767,1.1783,-0.0017,0.0024,0.0016,,0.0001,0,-0.14,,117692,1395494,178762,,57,77,5.55,1.1825,1.1621,1.1418,,1.1791,-2,0.72,,1.1621,1.1673,1.1674,1.1721,1.1697,1.1664,1.1655,1.166,1.1635,,0.0042,0.0056,-0.0014,,1.1873,1.1845,1.1816,1.1759,1.1731,1.1702,,1.1818,1.1664,1.151,,24.4,10.4,70.11,85.68,95.23,,23.9,14.1,62.89,↓,,-10.76,137.39,0.0243,,16,0,290.94,139.69,377.84,181.42,35,28,,1.1665,1.1618,1.1642,1.167,1.1783,1.1642,1.167
2026-04-17,1.1779,1.1849,1.1761,1.1764,-0.0015,0.007,0.0003,,-0.0004,0,-0.16,,155957,1239537,177213,,88,78,5.56,1.1842,1.1631,1.1419,,1.1791,0,0.33,,1.1631,1.1672,1.1674,1.173,1.1707,1.1674,1.1663,1.1664,1.1636,,0.0044,0.0054,-0.001,,1.191,1.1866,1.1822,1.1734,1.169,1.1646,,1.183,1.1674,1.1518,,21.7,11.4,65.56,55.9,80.53,,22.2,14.5,60.49,↑,,-21.14,116.9,0.0242,,25,0,295.16,129.71,378.41,166.29,39,29,,1.1687,1.163,1.1659,1.167,1.1764,1.1659,1.167
2026-04-20,1.1741,1.179,1.1729,1.1787,0.0046,0.0003,0.0012,,-0.0023,0,0.2,,140702,1380239,164927,,61,77,5.49,1.1861,1.164,1.1418,,1.1769,-22,0.24,,1.164,1.167,1.1674,1.1741,1.1719,1.1685,1.1672,1.1669,1.1638,,0.0047,0.0053,-0.0006,,1.1869,1.1839,1.1808,1.1747,1.1717,1.1686,,1.1839,1.1685,1.1531,,21.8,10.1,68.34,53.46,65.01,,22.3,13.5,62.29,↓,,-18.02,88.64,0.0244,,0,32,274.08,152.45,355.95,197.99,29,29,,1.1719,1.1631,1.1675,1.167,1.1787,1.1675,1.167
2026-04-21,1.1788,1.1791,1.1719,1.1744,-0.0044,0.0003,0.0025,,0.0001,0,-0.36,,162929,1217310,164927,,72,77,5.49,1.1861,1.164,1.1418,,1.1751,-18,-0.13,,1.164,1.167,1.1674,1.1742,1.1723,1.1691,1.1677,1.1672,1.1639,,0.0046,0.0052,-0.0006,,1.1856,1.182,1.1784,1.1712,1.1676,1.164,,1.1845,1.1691,1.1537,,19.4,13.8,58.43,0,36.45,,20.7,15.6,57.02,↑,,-30.52,76.95,0.0201,,0,10,254.5,151.56,330.52,196.83,25,29,,1.1719,1.1631,1.1675,1.167,1.1744,1.1675,1.167
2026-04-22,1.1748,1.1763,1.1703,1.1707,-0.0041,0.0015,0.0004,,0.0004,0,-0.32,,117501,1099809,159925,,60,76,5.7,1.1872,1.1646,1.1421,,1.1724,-27,-0.75,,1.1646,1.1667,1.1675,1.1735,1.1721,1.1693,1.1679,1.1673,1.164,,0.0042,0.005,-0.0008,,1.1806,1.1776,1.1746,1.1686,1.1656,1.1626,,1.1845,1.1693,1.1541,,17.2,16.4,51.19,0,17.82,,19.2,17.1,52.89,↓,,-41.28,51.6,0.0109,,0,16,236.32,156.73,310.95,206.22,20,28,,1.175,1.1646,1.1698,1.167,1.1707,1.1698,1.167
2026-04-23,1.1706,1.1717,1.1669,1.1683,-0.0023,0.0011,0.0014,,-0.0001,0,-0.21,,168095,931714,156414,,48,74,5.59,1.1877,1.1654,1.143,,1.169,-34,-0.98,,1.1654,1.1664,1.1675,1.1725,1.1715,1.1692,1.1679,1.1673,1.164,,0.0036,0.0047,-0.0011,,1.1758,1.1734,1.171,1.1662,1.1638,1.1614,,1.184,1.1692,1.1544,,15.3,17.2,47.08,0,0,,17.8,17.6,50.28,↑,,-48.26,24.4,0.0021,,0,34,219.44,179.54,296.54,242.62,10,27,,1.1757,1.1646,1.1702,1.167,1.1683,1.1702,1.167
2026-04-24,1.1684,1.1724,1.1673,1.1719,0.0035,0.0005,0.0011,,0.0001,0,0.31,,130154,1061868,157093,,51,72,5.55,1.1878,1.1661,1.1445,,1.1705,15,-0.54,,1.1661,1.166,1.1675,1.1724,1.1716,1.1695,1.1682,1.1675,1.1641,,0.0034,0.0044,-0.001,,1.1789,1.1764,1.1738,1.1687,1.1662,1.1636,,1.1839,1.1695,1.1551,,17.6,15.3,53.5,23.98,7.99,,19.1,16.3,53.95,↓,,-37.79,31.26,0.002,,7,0,210.77,166.72,292.74,231.56,12,26,,1.1757,1.1646,1.1702,1.1669,1.1719,1.1702,1.1669
2026-04-27,1.17,1.1755,1.1699,1.1721,0.0021,0.0034,0.0001,,-0.0019,0,0.02,,98006,1159874,156369,,56,71,5.55,1.1878,1.1672,1.1466,,1.1725,20,-0.37,,1.1672,1.1657,1.1676,1.1723,1.1717,1.1697,1.1685,1.1677,1.1642,,0.0032,0.0042,-0.001,,1.1807,1.1779,1.1751,1.1695,1.1667,1.1639,,1.1839,1.1697,1.1555,,15.9,13.6,53.9,25.48,16.49,,17.9,15.1,54.24,↑,,-39.38,41.12,-0.0004,,31,0,226.72,154.81,319.32,218.04,19,26,,1.1759,1.1646,1.1703,1.1651,1.1721,1.1703,1.1651
2026-04-28,1.1722,1.1727,1.1678,1.1713,-0.0009,0.0005,0.0035,,0.0001,0,-0.07,,126149,1033725,153731,,49,69,5.21,1.1868,1.1685,1.1502,,1.1706,-19,-0.63,,1.1685,1.1654,1.1676,1.1721,1.1716,1.1699,1.1687,1.1678,1.1643,,0.0029,0.0039,-0.001,,1.1783,1.1759,1.1734,1.1685,1.1661,1.1636,,1.1837,1.1699,1.1561,,14.1,13,52.03,21.49,23.65,,16.6,14.6,53.21,↓,,-52.31,20.46,-0.0046,,0,21,210.53,164.75,305.12,238.77,12,25,,1.1759,1.1646,1.1703,1.1648,1.1713,1.1703,1.1648
2026-04-29,1.1713,1.1721,1.1661,1.1676,-0.0037,0.0008,0.0015,,0,0,-0.32,,144535,889190,148750,,60,68,4.58,1.1866,1.1693,1.152,,1.1686,-20,-0.58,,1.1693,1.1651,1.1677,1.1712,1.171,1.1697,1.1686,1.1678,1.1643,,0.0024,0.0036,-0.0012,,1.1771,1.1741,1.1711,1.1651,1.1621,1.1591,,1.1833,1.1697,1.1561,,12.5,15.7,44.33,0,15.66,,15.4,16.2,48.73,↑,,-86.93,-4.33,-0.012,,0,17,195.49,169.98,287.49,249.97,7,24,,1.1759,1.1646,1.1703,1.1642,1.1676,1.1703,1.1642
2026-04-30,1.1679,1.1742,1.1655,1.1731,0.0052,0.0011,0.0024,,0.0003,0,0.47,,218545,1107735,146117,,87,69,4.67,1.1864,1.1697,1.153,,1.1709,23,0.21,,1.1697,1.1649,1.1676,1.1716,1.1713,1.17,1.1689,1.168,1.1644,,0.0024,0.0034,-0.001,,1.1851,1.1808,1.1764,1.1677,1.1633,1.159,,1.1838,1.17,1.1562,,17.2,14,55.13,44.98,22.16,,18.2,15,54.82,↓,,-62.77,14.51,-0.0068,,21,0,202.53,157.84,293.52,228.75,12,23,,1.1755,1.1646,1.1701,1.1635,1.1731,1.1701,1.1635
2026-05-01,1.1731,1.1785,1.1716,1.1721,-0.001,0.0054,0.0005,,0,0,-0.09,,141619,966116,146483,,69,69,4.55,1.1857,1.1707,1.1556,,1.1741,32,0.33,,1.1707,1.1648,1.1676,1.1717,1.1714,1.1702,1.1691,1.1682,1.1645,,0.0023,0.0032,-0.0009,,1.1834,1.18,1.1765,1.1696,1.1662,1.1627,,1.184,1.1702,1.1564,,15.3,13.6,52.94,61.06,35.35,,16.9,14.6,53.65,↑,,-65.98,45,-0.0062,,43,0,231.06,146.57,334.87,212.42,22,23,,1.1723,1.1646,1.1685,1.1635,1.1721,1.1685,1.1635